Disease,Site,Mutation,Co.evolution,Entropy,Consurf_Score,RASA,ddG,Betweenness,Closeness,Degree,Eigenvector,Clustering.coefficient,Effectiveness,Sensitivity,MSF,DFI,Stiffness
ASD,1,M1I,0.092712673,0.243210322,-0.8974,100,0.728983,0,8.18E-09,0,1.72E-17,0,1.778821435,2.648471615,0.222774406,0.000629985,10.76123601
ASD,1,M1V,0.092712673,0.243210322,-0.8974,100,0.958935,0,8.18E-09,0,1.72E-17,0,1.778821435,2.648471615,0.222774406,0.000629985,10.76123601
ASD,6,K6I,0.117740402,0.384222658,-0.7362,11.70731707,0.650259,9.957123411,1.49E-07,0.050632911,-6.53E-07,0.088607595,4.029372922,1.473568302,0.086044555,0.001425925,13.10045139
ASD,12,N12T,0.312336464,0.912828803,-0.3515,38.85350318,1.10358,0.708768528,1.80E-08,0,-1.14E-08,0,3.944422695,1.55868077,0.090329565,0.001395881,13.49727982
ASD,12,N12E,0.312336464,0.912828803,-0.3515,38.85350318,1.40096,0.708768528,1.80E-08,0,-1.14E-08,0,3.944422695,1.55868077,0.090329565,0.001395881,13.49727982
ASD,17,Q17E,0.324768147,0.890797481,0.005,47.47474747,0.794249,0.20458196,-5.44E-09,0,4.43E-14,0,4.890426852,1.113588926,0.117321663,0.001730448,13.63762584
ASD,22,D22E,0.160982405,0.448857657,-0.8187,23.92638037,1.75341,0,-2.40E-08,0,-2.10E-06,0.265822785,6.003547306,0.92659751,0.085998901,0.002124119,14.06730153
ASD,23,L23F,0.053867046,0.060498294,-0.9992,0.609756098,3.25037,-5.644019009,-2.82E-08,-0.012658228,-1.06E-05,0.172995781,8.263870805,0.648390249,0.067419899,0.002923515,15.1943686
ASD,23,L23V,0.053867046,0.060498294,-0.9992,0.609756098,1.68435,-5.644019009,-2.82E-08,-0.012658228,-1.06E-05,0.172995781,8.263870805,0.648390249,0.067419899,0.002923515,15.1943686
ASD,24,D24N,0.045043518,0,-1.0301,5.521472393,2.32106,0,-7.97E-09,0,-1.03E-05,-0.278481013,9.147760789,0.632492274,0.058945687,0.003236115,15.79950073
ASD,25,L25F,0.053867046,0.060498294,-0.9724,0.609756098,8.91438,4.527504218,1.61E-08,0,-6.49E-05,-0.046413502,11.53877122,0.428666298,0.060195214,0.00408173,16.25608829
ASD,38,P38H,0.031612086,0,-1.0272,0,11.1571,18.36892906,1.88E-08,0,-3.02E-05,0,8.019919421,0.403234615,0.066853595,0.002837238,15.64452684
ASD,39,A39T,0.065819955,0.117714473,-0.8426,0,2.05771,8.208162964,1.58E-08,-0.025316456,-9.18E-05,0.004219409,5.581336095,0.713408671,0.07572279,0.001974798,14.26935603
ASD,43,E43K,0.046642975,0.058914433,-0.9553,30.41237113,0.168825,-1.902169971,-2.71E-07,0,-7.24E-06,-0.265822785,3.648778788,1.320392402,0.111557626,0.001291322,11.90809222
ASD,44,G44D,0.100643318,0.258353572,-0.4372,5.952380952,4.37586,-20.650619,-3.14E-07,-0.063291139,-6.41E-05,-0.088607595,4.381947832,1.055132172,0.091743475,0.001550618,13.04603374
ASD,48,N48K,0.031612086,0,-1.0318,1.27388535,1.52674,-32.21423202,-3.14E-09,-0.075949367,-0.000497543,0.002953586,7.473538299,0.631355058,0.071825695,0.002644002,15.08852148
ASD,50,I50T,0.10167618,0.258353572,-0.5681,0.591715976,2.69389,-9.830000519,7.60E-10,-0.037974684,-3.38E-05,0,5.687586771,0.480147442,0.079111638,0.002012375,14.52670685
ASD,65,Y65C,0.040698297,0.058914433,-0.9406,0,3.22876,-0.167674368,2.78E-08,0,-4.31E-10,-0.088607595,10.37922966,0.312529923,0.070032946,0.003671641,14.78620777
ASD,68,Y68D,0.045304269,0.058914433,-0.8689,0,5.55424,1.505947912,2.74E-08,0,-0.001458183,0,19.73398432,0.116829727,0.060998966,0.006980083,16.30211979
ASD,70,L70V,0.023483734,0,-1.0263,0,5.2718,4.254670145,2.32E-08,0,-0.00165033,0,18.38578568,0.128017777,0.057430465,0.006503273,15.65383129
ASD,78,T78A,0.412632754,1.72605956,1.0456,36.61971831,-0.712322,2.66723789,4.30E-08,0.025316456,-1.61E-09,0,5.19407327,0.627331849,0.118923117,0.001837837,13.07277691
ASD,93,H93D,-8.91E-16,0,-1.0166,32.60869565,-0.0031896,3.785408979,1.75E-08,0,-5.29E-07,0,11.58760099,0.4636614,0.073153975,0.004098999,15.5155946
ASD,93,H93Y,-8.91E-16,0,-1.0166,32.60869565,-1.06377,3.785408979,1.75E-08,0,-5.29E-07,0,11.58760099,0.4636614,0.073153975,0.004098999,15.5155946
ASD,95,P95T,0.032958294,0.099623389,-0.7891,6.617647059,6.74556,-24.02843267,-6.26E-08,0,-5.74E-09,0,32.357699,0.07599702,0.051181746,0.011444638,16.31204213
ASD,96,P96Q,-8.91E-16,0,-0.9811,1.470588235,5.89322,-31.51302797,-1.92E-07,-0.012658228,-0.000525553,0,31.26775423,0.050884694,0.056854294,0.011059164,15.9762716
ASD,101,I101T,0.079670832,0.269477201,-0.7037,0,1.95403,-4.728591277,1.65E-08,-0.025316456,-0.001396993,0,23.53116649,0.139966572,0.063917629,0.00832301,15.89437333
ASD,105,C105F,-8.90E-16,0,-0.9595,0,16.9074,-9.764570544,6.45E-09,0,-0.001883206,0.004219409,13.08340768,0.358283116,0.067669388,0.004628012,15.70575449
ASD,107,D107G,0.075261833,0.2271133,-0.6899,20.85889571,2.38378,5.762682498,2.30E-08,0.075949367,-3.21E-05,0.075949367,8.613900421,0.580288482,0.101106979,0.003047308,13.58723423
ASD,107,D107V,0.075261833,0.2271133,-0.6899,20.85889571,2.01955,5.762682498,2.30E-08,0.075949367,-3.21E-05,0.075949367,8.613900421,0.580288482,0.101106979,0.003047308,13.58723423
ASD,118,H118P,0.218468156,0.662852494,-0.8761,10.86956522,5.16948,1.645931957,1.21E-07,0,-8.71E-05,-0.038818565,6.588174186,0.651260877,0.08654183,0.002330881,13.39361372
ASD,122,I122S,0.180759441,0.491796857,-0.7479,0,5.0041,11.80908601,3.97E-08,0,-9.39E-05,0,15.31685659,0.060491818,0.051826642,0.005417903,16.63121104
ASD,123,H123Q,0.02133771,0.056937224,-1.0016,0,1.37403,1.047677003,2.73E-08,0,-0.00017198,0.024472574,18.26289917,0.107155303,0.054148498,0.006459813,16.53858248
ASD,126,A126V,0.017343752,0.056937224,-0.9896,33.01886792,-0.184126,4.927872496,8.06E-08,0,-0.001968319,-0.0907173,10.78173355,0.529282523,0.069899561,0.003813993,16.08963106
ASD,127,G127E,-8.90E-16,0,-1.026,0,33.1406,18.22180386,-1.61E-07,-0.050632911,-0.000624604,0.046835443,17.53311864,0.296197046,0.059657537,0.006201715,16.35293052
ASD,128,K128E,-8.90E-16,0,-1.0102,27.80487805,1.58307,3.614556169,6.96E-08,0,-0.000117229,0,14.2863725,0.39379909,0.055890814,0.005053458,16.4127645
ASD,129,G129V,-8.90E-16,0,-1.026,16.66666667,1.07323,53.60407315,1.29E-07,-0.012658228,-0.001924068,0,17.7819361,0.297992196,0.053472727,0.006289713,16.56059629
ASD,133,V133I,0.062480619,0.201508882,-0.8379,0,-0.560339,-43.14877115,4.76E-08,0,-0.166606681,-0.132911392,35.84977747,0.08269517,0.051345402,0.012679661,16.85438571
ASD,134,M134T,-8.90E-16,0,-0.9248,0,2.51692,-0.120259294,4.00E-08,-0.012658228,-0.069498147,-0.063291139,37.16227102,0.046594855,0.050432578,0.013143843,16.78948647
ASD,141,H141R,0.054553404,0.156349121,-0.7092,26.63043478,0.149955,-10.82388654,1.35E-08,-0.012658228,-0.005527246,0.017721519,7.688220512,0.64690074,0.065352918,0.002719928,14.57012928
ASD,150,E150G,0.134577004,0.613272011,0.0292,44.32989691,1.43863,1.031045837,1.24E-07,0.037974684,-0.000156335,0.002109705,4.934076614,1.071797672,0.086054827,0.001745886,13.70755716
ASD,155,Y155H,0.025784331,0.13791924,-0.8815,0,3.66614,1.149701801,1.12E-07,-0.012658228,-0.043350921,0.036708861,8.595590284,0.637185194,0.055472621,0.003040832,15.58234446
ASD,157,E157G,0.347649177,1.115456366,0.3894,46.90721649,1.02941,0.348100303,1.07E-07,0.012658228,-0.005808808,0.122362869,4.486921153,1.254521924,0.083498922,0.001587743,13.17259101
ASD,159,R159G,-8.90E-16,0,-1.0304,0,5.11959,2.406419209,8.78E-08,-0.012658228,-0.001620683,0.052742616,7.647632386,0.739916053,0.053386325,0.002705573,14.99966115
ASD,160,T160I,-8.90E-16,0,-1.0199,1.408450704,0.80901,-0.005275281,1.04E-07,0.012658228,-0.000488898,0,5.28822837,1.11053386,0.073282188,0.001871137,14.20544853
ASD,162,D162E,0.05923417,0.201508882,-0.7812,31.90184049,1.99885,-0.039023247,7.41E-08,0,-5.45E-06,0,3.299803336,1.784568616,0.100614478,0.001167902,12.0302439
ASD,164,K164N,0.037864013,0.11376925,-0.8633,27.31707317,0.664052,0.005275281,1.12E-07,0,-5.78E-05,0,5.262324613,1.128247305,0.072993988,0.001861975,14.54981534
ASD,170,S170R,-8.90E-16,0,-1.0326,0,4.70603,-175.7112091,2.87E-08,0.025316456,-0.000412175,0.151898734,21.08479477,0.21707386,0.054710132,0.007457816,16.28328885
ASD,170,S170T,-8.90E-16,0,-1.0326,0,2.47015,-175.7112091,2.87E-08,0.025316456,-0.000412175,0.151898734,21.08479477,0.21707386,0.054710132,0.007457816,16.28328885
ASD,171,Q171E,-8.90E-16,0,-1.0305,2.02020202,1.89406,-87.06868107,3.10E-08,0.012658228,-0.000869178,0.151898734,26.41551161,0.155147207,0.055175551,0.009343099,16.48747245
ASD,176,Y176C,0.440945229,1.80329801,1.0699,19.36936937,2.83486,2.095561995,3.83E-08,0,-0.008212182,0.065400844,15.13586168,0.279264618,0.057818215,0.005353892,16.52849303
ASD,182,L182S,0.221175747,0.707177428,-0.1364,32.92682927,2.77589,-11.06841493,3.93E-09,-0.012658228,-0.000139148,0.021097046,6.274700113,0.76914656,0.076087229,0.002220016,14.20080491
ASD,188,Y188H,-8.89E-16,0,-0.4559,20.72072072,2.26105,-12.53214448,-1.42E-09,0,9.21E-13,0,9.007877919,0.541752473,0.089597892,0.003186643,13.7328321
ASD,200,F200S,0.258287952,0.741514688,-0.0626,0,6.27358,-10.84285379,2.07E-08,-0.012658228,0.000560049,0.012658228,5.548098246,1.146998442,0.06923622,0.001963043,15.00782639
ASD,202,T202I,0.311498835,0.81740727,-0.2668,15.49295775,-0.0878121,2.885808507,1.29E-08,0,0.000265807,0,3.398622304,1.899372665,0.080615714,0.001202851,13.85726387
ASD,204,P204A,0.088504384,0.249992073,-0.6467,0,2.64378,6.10621091,1.20E-07,0,6.31E-06,0.016877637,2.863063893,2.27118949,0.068110626,0.001013443,15.04760764
ASD,206,F206L,0.24099051,0.833449461,0.8681,19.79695431,0.712562,6.63085722,1.00E-07,0,5.83E-07,-0.071729958,2.031304431,3.108115612,0.082552367,0.000719279,12.68638232
ASD,211,C211W,0.286186234,0.79715349,0.3453,8.148148148,26.0206,-6.495488507,1.63E-08,-0.012658228,1.58E-06,-0.037552743,2.298851978,2.768513416,0.081880206,0.000813901,13.48511328
ASD,217,V217N,0.288610489,0.583279816,-0.0929,0,4.07341,-1.472707845,-2.31E-09,0,-3.44E-05,0,6.699550076,0.728818595,0.067934744,0.002370271,14.73008915
ASD,220,L220V,0.368152984,0.925640332,0.3582,49.3902439,1.56931,3.491421894,3.48E-07,0.012658228,3.62E-06,0,9.055545928,0.487195189,0.092984284,0.003203502,13.85851836
ASD,239,M239R,0.286456267,1.133546072,0.7727,1.595744681,2.85353,-6.720391044,8.56E-09,-0.050632911,8.60E-05,0,4.201988172,1.484880891,0.073714719,0.001486972,13.74506965
ASD,239,M239T,0.286456267,1.133546072,0.7727,1.595744681,4.70857,-6.720391044,8.56E-09,-0.050632911,8.60E-05,0,4.201988172,1.484880891,0.073714719,0.001486972,13.74506965
ASD,241,F241I,0.36269,0.984332629,-0.2228,1.52284264,4.5166,0.321300151,1.86E-08,0,0.000227391,-0.011392405,5.16685619,1.004911832,0.070290984,0.001828212,14.03898897
ASD,241,F241L,0.36269,0.984332629,-0.2228,1.52284264,1.742,0.321300151,1.86E-08,0,0.000227391,-0.011392405,5.16685619,1.004911832,0.070290984,0.001828212,14.03898897
ASD,252,D252V,-8.87E-16,0,-1.0138,4.90797546,1.73536,164.7625177,3.48E-07,0.025316456,0.000390518,0.002109705,18.95555503,0.157202704,0.061399358,0.00670478,15.20491114
ASD,254,K254T,0.148395765,0.460118672,-0.5887,16.09756098,2.5198,-16.2733443,-1.80E-09,0,4.03E-05,0.006329114,12.85314749,0.361528198,0.069451806,0.004546577,15.85312404
ASD,267,K267N,0.112946824,0.368020501,-0.0018,39.02439024,0.282901,2.981025952,3.80E-08,0.037974684,-8.69E-07,0,2.107870917,2.750406128,0.104271397,0.000746358,11.75526903
ASD,270,M270K,0.193728144,0.621414416,-0.2377,0.531914894,4.92283,2.478862735,1.24E-07,0,-4.35E-06,0,3.724439425,1.683062932,0.064784466,0.001318081,14.98187302
ASD,270,M270V,0.193728144,0.621414416,-0.2377,0.531914894,3.68755,2.478862735,1.24E-07,0,-4.35E-06,0,3.724439425,1.683062932,0.064784466,0.001318081,14.98187302
ASD,274,W274L,-8.87E-16,0,-0.6648,12.33480176,1.4166,330.6586706,3.51E-07,0.025316456,-1.60E-05,0,22.60550758,0.17564636,0.052567124,0.007995638,16.36983887
ASD,276,N276S,-8.87E-16,0,-0.9587,0,2.47362,2.368302936,-3.35E-09,-0.012658228,0.000267725,0.006329114,20.18641363,0.063865406,0.062755967,0.007140091,16.24029262
ASD,288,E288K,0.403519385,1.945432417,2.8552,86.08247423,0.0597874,-0.032021761,7.84E-09,0,5.56E-11,0,2.423317586,1.828216584,0.193887055,0.00085792,10.07595952
ASD,294,S294R,0.317157574,1.279854724,0.154,93.07692308,-0.0121918,0.032021761,1.30E-08,0,6.14E-17,0,1.919816639,2.296019101,0.294092329,0.00067985,10.1181298
ASD,320,L320S,0.176485384,0.592025632,-0.4278,0.609756098,4.8228,-10.60962116,2.91E-08,0,0.001410825,-0.004219409,10.21650141,0.540308709,0.070741815,0.00361409,15.59858099
ASD,326,D326N,-8.86E-16,0,-1.0065,1.840490798,2.18565,191.7381797,4.31E-07,0.050632911,2.21E-06,0,7.831053003,0.74720092,0.059472379,0.002770443,15.23020927
ASD,326,D326V,-8.86E-16,0,-1.0065,1.840490798,0.264655,191.7381797,4.31E-07,0.050632911,2.21E-06,0,7.831053003,0.74720092,0.059472379,0.002770443,15.23020927
ASD,335,R335Q,0.197215374,0.669147816,-0.492,75.40322581,-0.22516,4.728285048,2.76E-07,0.025316456,4.37E-09,0,1.860711109,3.290906305,0.11410613,0.000658947,11.84541651
ASD,335,R335L,0.197215374,0.669147816,-0.492,75.40322581,0.0981578,4.728285048,2.76E-07,0.025316456,4.37E-09,0,1.860711109,3.290906305,0.11410613,0.000658947,11.84541651
ASD,343,V343E,0.139686915,0.395858751,-0.6978,0,5.55023,-4.311162567,2.75E-08,0,0.000847929,0,8.372437336,0.732830439,0.070678053,0.002961911,15.74773636
ASD,68,Y68H,0.045304269,0.058914433,-0.8689,0,4.26388,1.505947912,2.74E-08,0,-0.001458183,0,19.73398432,0.116829727,0.060998966,0.006980083,16.30211979
Cancer,3,A3D,0.341242635,1.33599646,-0.2055,42.45283019,-0.598806,0.007160321,-9.56E-08,0.002444988,-9.65E-08,0.342298289,3.239774802,1.80480692,0.117516404,0.001146672,12.51249961
Cancer,5,I5S,0.123592944,0.498549356,-0.4238,37.86982249,1.27174,3.312034505,-1.91E-07,-0.017114914,-2.28E-06,0.115729421,2.735753809,2.080557633,0.126418668,0.000968418,11.35896838
Cancer,5,I5T,0.123592944,0.498549356,-0.4238,37.86982249,0.870711,3.312034505,-1.91E-07,-0.017114914,-2.28E-06,0.115729421,2.735753809,2.080557633,0.126418668,0.000968418,11.35896838
Cancer,6,K6T,0.117740402,0.384222658,-0.7362,11.70731707,0.644589,0.368476672,-1.18E-07,0.019559902,-8.10E-07,0.115729421,4.029372922,1.473568302,0.086044555,0.001425925,13.10045139
Cancer,6,K6N,0.117740402,0.384222658,-0.7362,11.70731707,-0.516173,0.368476672,-1.18E-07,0.019559902,-8.10E-07,0.115729421,4.029372922,1.473568302,0.086044555,0.001425925,13.10045139
Cancer,6,K6E,0.117740402,0.384222658,-0.7362,11.70731707,1.16118,0.368476672,-1.18E-07,0.019559902,-8.10E-07,0.115729421,4.029372922,1.473568302,0.086044555,0.001425925,13.10045139
Cancer,7,E7Q,0.403624246,1.483853068,1.0248,48.96907216,0.336476,0.068125897,-1.24E-07,0.002444988,-2.01E-06,0.34800326,3.58436658,1.702468623,0.085911494,0.001268542,12.98773555
Cancer,8,I8V,0.316322868,1.45095507,0.4409,68.63905325,0.559875,1.156612689,-1.24E-07,0.002444988,-3.67E-07,0.119804401,2.986108088,2.015901263,0.127865785,0.001056959,12.67023993
Cancer,10,S10I,0.048310099,0,-1.0323,3.076923077,4.6106,-1.001908908,-1.50E-07,0.017114914,-1.55E-06,0.008149959,5.12709756,1.197692304,0.06962074,0.00181415,14.53284777
Cancer,10,S10C,0.048310099,0,-1.0323,3.076923077,0.231061,-1.001908908,-1.50E-07,0.017114914,-1.55E-06,0.008149959,5.12709756,1.197692304,0.06962074,0.00181415,14.53284777
Cancer,10,S10R,0.048310099,0,-1.0323,3.076923077,2.82017,-1.001908908,-1.50E-07,0.017114914,-1.55E-06,0.008149959,5.12709756,1.197692304,0.06962074,0.00181415,14.53284777
Cancer,10,S10N,0.048310099,0,-1.0323,3.076923077,2.63523,-1.001908908,-1.50E-07,0.017114914,-1.55E-06,0.008149959,5.12709756,1.197692304,0.06962074,0.00181415,14.53284777
Cancer,11,R11I,0.316328562,0.733560781,-0.7892,54.83870968,2.6719,3.922913877,3.54E-08,0.004889976,-1.44E-07,0,3.778208675,1.633373667,0.094498351,0.001337097,13.77695146
Cancer,11,R11K,0.316328562,0.733560781,-0.7892,54.83870968,-1.15556,3.922913877,3.54E-08,0.004889976,-1.44E-07,0,3.778208675,1.633373667,0.094498351,0.001337097,13.77695146
Cancer,13,K13T,0.20396683,0.484607825,-0.912,8.780487805,1.74367,4.02374659,-1.54E-07,0,-1.45E-09,0,5.826561713,1.054031902,0.058064015,0.002061526,14.76907993
Cancer,13,K13N,0.20396683,0.484607825,-0.912,8.780487805,1.34081,4.02374659,-1.54E-07,0,-1.45E-09,0,5.826561713,1.054031902,0.058064015,0.002061526,14.76907993
Cancer,14,R14S,0.249250916,0.710535479,-0.516,45.56451613,2.3185,2.38716745,-2.07E-07,0.002444988,-1.44E-10,0,5.571141049,1.066693117,0.069353339,0.001971193,14.34714364
Cancer,14,R14M,0.249250916,0.710535479,-0.516,45.56451613,1.57889,2.38716745,-2.07E-07,0.002444988,-1.44E-10,0,5.571141049,1.066693117,0.069353339,0.001971193,14.34714364
Cancer,15,R15G,0.048310099,0,-1.0301,13.70967742,1.56122,-2.10307657,-2.80E-07,0.002444988,-1.21E-12,0,6.358602718,0.942327079,0.07133454,0.00224969,14.97505558
Cancer,16,Y16D,0.142914298,0.558954527,-0.2109,11.71171171,3.03355,-8.82230944,-3.69E-07,-0.002444988,1.31E-10,0,6.673520992,0.802384114,0.096122079,0.002361065,14.91438896
Cancer,17,Q17P,0.324768147,0.890797481,0.005,47.47474747,1.82941,1.194623199,-2.81E-07,0.002444988,1.06E-09,0,4.890426852,1.113588926,0.117321663,0.001730448,13.63762584
Cancer,19,D19N,0.077093655,0.165893198,-0.4692,67.48466258,-0.5344,4.014817026,-1.13E-07,0,1.65E-08,0,3.401271142,0.899115463,0.190545188,0.001203787,10.90842272
Cancer,19,D19E,0.077093655,0.165893198,-0.4692,67.48466258,0.0645355,4.014817026,-1.13E-07,0,1.65E-08,0,3.401271142,0.899115463,0.190545188,0.001203787,10.90842272
Cancer,20,G20R,0.086846192,0.181127202,-0.5947,90.47619048,2.27045,3.95970523,-1.58E-07,0,1.67E-09,0,3.985102351,0.939919643,0.153293236,0.001410268,11.7277387
Cancer,20,G20E,0.086846192,0.181127202,-0.5947,90.47619048,2.44048,3.95970523,-1.58E-07,0,1.67E-09,0,3.985102351,0.939919643,0.153293236,0.001410268,11.7277387
Cancer,21,F21S,0.100145637,0.240320551,-0.6681,9.644670051,3.63568,4.014460343,-1.83E-07,-0.004889976,2.75E-10,0.322330888,5.818498775,0.747912007,0.104752926,0.002058674,13.31530077
Cancer,24,D24A,0.045043518,0,-1.0301,5.521472393,1.91932,1.910840894,-1.39E-07,0.019559902,-1.36E-05,-0.364303178,9.147760789,0.632492274,0.058945687,0.003236115,15.79950073
Cancer,24,D24Y,0.045043518,0,-1.0301,5.521472393,15.624,1.910840894,-1.39E-07,0.019559902,-1.36E-05,-0.364303178,9.147760789,0.632492274,0.058945687,0.003236115,15.79950073
Cancer,24,D24H,0.045043518,0,-1.0301,5.521472393,12.7701,1.910840894,-1.39E-07,0.019559902,-1.36E-05,-0.364303178,9.147760789,0.632492274,0.058945687,0.003236115,15.79950073
Cancer,25,L25S,0.053867046,0.060498294,-0.9724,0.609756098,4.48552,-0.602163683,-1.94E-07,-0.004889976,-0.00011607,-0.060309698,11.53877122,0.428666298,0.060195214,0.00408173,16.25608829
Cancer,27,Y27N,0.08928686,0.181127202,-0.9321,27.47747748,2.5343,-0.147911588,-1.81E-07,-0.012224939,-0.0001905,0,8.269571376,0.518353742,0.076517192,0.002925531,14.95944765
Cancer,27,Y27D,0.08928686,0.181127202,-0.9321,27.47747748,3.71801,-0.147911588,-1.81E-07,-0.012224939,-0.0001905,0,8.269571376,0.518353742,0.076517192,0.002925531,14.95944765
Cancer,27,Y27H,0.08928686,0.181127202,-0.9321,27.47747748,2.64208,-0.147911588,-1.81E-07,-0.012224939,-0.0001905,0,8.269571376,0.518353742,0.076517192,0.002925531,14.95944765
Cancer,28,I28T,0.040096449,0,-0.9608,4.733727811,1.8711,9.547004542,-4.17E-08,-0.014669927,-0.000471347,0,8.570991159,0.550389053,0.074050298,0.003032132,15.14344457
Cancer,28,I28N,0.040096449,0,-0.9608,4.733727811,4.47623,9.547004542,-4.17E-08,-0.014669927,-0.000471347,0,8.570991159,0.550389053,0.074050298,0.003032132,15.14344457
Cancer,30,P30Q,0.318613499,0.959075682,0.1805,77.94117647,1.46445,0.850727048,-9.09E-08,-0.024449878,-0.00019792,0.008964955,5.540266047,0.741232639,0.11705479,0.001960273,13.08010139
Cancer,30,P30S,0.318613499,0.959075682,0.1805,77.94117647,1.669,0.850727048,-9.09E-08,-0.024449878,-0.00019792,0.008964955,5.540266047,0.741232639,0.11705479,0.001960273,13.08010139
Cancer,31,N31H,0.12023665,0.272699656,-0.6541,33.12101911,0.38036,0.283764503,-1.44E-07,0.007334963,2.59E-05,0.349633252,7.397131714,0.533702636,0.088911045,0.00261698,14.50491148
Cancer,32,I32S,0.199526734,0.530085325,-0.8208,2.366863905,4.49683,-1.633239424,-1.84E-07,-0.004889976,0.000131904,0.116544417,11.10671987,0.331659152,0.072672747,0.003928929,16.1259823
Cancer,33,I33S,0.074269962,0.119800856,-0.9462,0,6.0285,4.831337937,-1.00E-07,0.002444988,0.00018493,0.030317848,12.78889736,0.232129689,0.064214753,0.004523854,16.28945655
Cancer,34,A34D,0.060790492,0.119800856,-0.989,0,5.93969,-22.55056001,-2.23E-07,-0.014669927,0.000448572,0.050937245,17.19935577,0.207097284,0.053650016,0.006083675,16.50187445
Cancer,34,A34T,0.060790492,0.119800856,-0.989,0,3.21439,-22.55056001,-2.23E-07,-0.014669927,0.000448572,0.050937245,17.19935577,0.207097284,0.053650016,0.006083675,16.50187445
Cancer,34,A34S,0.060790492,0.119800856,-0.989,0,0.295509,-22.55056001,-2.23E-07,-0.014669927,0.000448572,0.050937245,17.19935577,0.207097284,0.053650016,0.006083675,16.50187445
Cancer,35,M35L,0.046642975,0.058914433,-1.0022,0,0.69849,42.38397691,-3.50E-08,0.002444988,-0.001261004,0.102689487,16.44879216,0.244744814,0.053754881,0.005818228,16.37430124
Cancer,35,M35I,0.046642975,0.058914433,-1.0022,0,3.07279,42.38397691,-3.50E-08,0.002444988,-0.001261004,0.102689487,16.44879216,0.244744814,0.053754881,0.005818228,16.37430124
Cancer,35,M35K,0.046642975,0.058914433,-1.0022,0,3.16684,42.38397691,-3.50E-08,0.002444988,-0.001261004,0.102689487,16.44879216,0.244744814,0.053754881,0.005818228,16.37430124
Cancer,36,G36V,0.046642975,0.058914433,-0.9205,2.380952381,4.32841,-10.12459919,-1.91E-07,-0.002444988,-0.002821136,0,13.00012386,0.37877532,0.058970703,0.004598558,16.06612505
Cancer,37,F37S,0.074041395,0.141336783,-0.6365,4.568527919,2.4323,14.49125692,-1.58E-07,-0.017114914,-0.000293835,0,10.38479647,0.38931258,0.057318246,0.00367361,15.94853745
Cancer,38,P38R,0.031612086,0,-1.0272,0,18.9306,-0.454197615,-1.43E-07,-0.017114914,-1.39E-05,0.009779951,8.019919421,0.403234615,0.066853595,0.002837238,15.64452684
Cancer,39,A39V,0.065819955,0.117714473,-0.8426,0,3.33577,18.98381561,-1.31E-07,-0.002444988,-0.000110922,0.010594947,5.581336095,0.713408671,0.07572279,0.001974798,14.26935603
Cancer,39,A39P,0.065819955,0.117714473,-0.8426,0,4.98899,18.98381561,-1.31E-07,-0.002444988,-0.000110922,0.010594947,5.581336095,0.713408671,0.07572279,0.001974798,14.26935603
Cancer,41,R41K,0.352751155,0.992508558,-0.2199,89.91935484,-1.37097,8.844541798,-9.79E-08,0,4.69E-08,0,2.817010416,1.390936907,0.151055163,0.000997155,10.80465241
Cancer,43,E43Q,0.046642975,0.058914433,-0.9553,30.41237113,-0.303564,3.674233863,-1.15E-07,0.007334963,-9.97E-06,-0.369193154,3.648778788,1.320392402,0.111557626,0.001291322,11.90809222
Cancer,43,E43A,0.046642975,0.058914433,-0.9553,30.41237113,-0.318128,3.674233863,-1.15E-07,0.007334963,-9.97E-06,-0.369193154,3.648778788,1.320392402,0.111557626,0.001291322,11.90809222
Cancer,45,V45A,0.060794059,0.10296666,-0.5209,43.66197183,-0.349105,7.089286122,-1.23E-07,0,-1.07E-05,-0.123879381,3.378345965,1.487292604,0.104838318,0.00119568,11.74133478
Cancer,46,Y46H,0.047658448,0.058914433,-0.8503,31.98198198,1.94698,-8.43311924,-1.37E-07,-0.009779951,-1.50E-05,0.04808476,3.819248083,1.441160691,0.094355698,0.001351611,12.33605186
Cancer,46,Y46D,0.047658448,0.058914433,-0.8503,31.98198198,2.34312,-8.43311924,-1.37E-07,-0.009779951,-1.50E-05,0.04808476,3.819248083,1.441160691,0.094355698,0.001351611,12.33605186
Cancer,47,R47M,0.031612086,0,-1.0303,12.90322581,-1.46544,-7.806290339,-1.59E-07,0.009779951,-6.75E-05,0.299103504,5.71917145,0.932397394,0.067989659,0.002023546,14.00591838
Cancer,47,R47S,0.031612086,0,-1.0303,12.90322581,-0.970614,-7.806290339,-1.59E-07,0.009779951,-6.75E-05,0.299103504,5.71917145,0.932397394,0.067989659,0.002023546,14.00591838
Cancer,48,N48I,0.031612086,0,-1.0318,1.27388535,-0.141254,-26.93358314,-2.25E-07,-0.014669927,-0.000670757,0.004779369,7.473538299,0.631355058,0.071825695,0.002644002,15.08852148
Cancer,48,N48Y,0.031612086,0,-1.0318,1.27388535,14.9926,-26.93358314,-2.25E-07,-0.014669927,-0.000670757,0.004779369,7.473538299,0.631355058,0.071825695,0.002644002,15.08852148
Cancer,49,N49T,0.291590528,0.72016721,-0.4343,29.93630573,0.494395,4.165015452,-1.43E-07,-0.009779951,-8.20E-05,0.052404238,5.646239914,0.691734397,0.076679522,0.001997752,13.98893759
Cancer,50,I50N,0.10167618,0.258353572,-0.5681,0.591715976,1.8849,2.06482712,-1.49E-07,-0.014669927,-4.60E-05,0,5.687586771,0.480147442,0.079111638,0.002012375,14.52670685
Cancer,52,D52G,0.087983144,0.292754175,-0.6443,23.31288344,2.24269,-0.131347985,-1.05E-07,-0.007334963,-1.62E-06,-0.041564792,5.5788322,0.464312045,0.088318797,0.001973913,13.62613683
Cancer,53,V53G,0.031612086,0,-0.9877,0,3.76828,6.298760169,-1.87E-07,-0.002444988,-2.97E-07,-0.095517522,6.702989482,0.288771173,0.071651226,0.002371487,15.53350555
Cancer,53,V53A,0.031612086,0,-0.9877,0,2.05831,6.298760169,-1.87E-07,-0.002444988,-2.97E-07,-0.095517522,6.702989482,0.288771173,0.071651226,0.002371487,15.53350555
Cancer,54,V54L,0.2209567,0.63457772,0.0798,16.90140845,0.388201,2.121416929,-4.18E-08,0,-3.01E-07,-0.145476773,4.736262827,0.267843932,0.094240802,0.001675926,14.36901841
Cancer,55,R55G,0.180476514,0.586100789,-0.351,52.01612903,0.964998,0.335882873,-5.31E-08,-0.007334963,7.17E-08,-0.141401793,3.921469362,0.313069914,0.10515004,0.001387763,13.12064981
Cancer,55,R55W,0.180476514,0.586100789,-0.351,52.01612903,0.12032,0.335882873,-5.31E-08,-0.007334963,7.17E-08,-0.141401793,3.921469362,0.313069914,0.10515004,0.001387763,13.12064981
Cancer,55,R55M,0.180476514,0.586100789,-0.351,52.01612903,-0.2642,0.335882873,-5.31E-08,-0.007334963,7.17E-08,-0.141401793,3.921469362,0.313069914,0.10515004,0.001387763,13.12064981
Cancer,55,R55S,0.180476514,0.586100789,-0.351,52.01612903,0.733851,0.335882873,-5.31E-08,-0.007334963,7.17E-08,-0.141401793,3.921469362,0.313069914,0.10515004,0.001387763,13.12064981
Cancer,57,L57S,0.050415198,0.161651065,-0.647,0,4.53812,8.619605713,-1.04E-07,-0.002444988,4.02E-07,-0.092909535,5.507275015,0.225255311,0.08618118,0.001948606,14.70218863
Cancer,59,S59L,0.322891614,1.055260337,0.4118,56.15384615,-0.930728,0.030547672,-8.77E-08,0.012224939,1.98E-06,-0.189486553,3.783962107,0.360139756,0.138680437,0.001339132,12.73282437
Cancer,60,K60T,0.158343456,0.533305646,-0.4159,42.43902439,1.43489,0.003638253,-8.84E-08,-0.002444988,4.16E-07,-0.181744091,4.753880285,0.420282668,0.1194429,0.001682157,12.99889928
Cancer,61,H61Q,0.023483734,0,-1.0165,17.39130435,1.41044,-7.735275429,-1.93E-07,-0.007334963,1.81E-07,-0.044824776,5.799748374,0.401487449,0.094473225,0.002052043,13.52340942
Cancer,61,H61L,0.023483734,0,-1.0165,17.39130435,-0.0781845,-7.735275429,-1.93E-07,-0.007334963,1.81E-07,-0.044824776,5.799748374,0.401487449,0.094473225,0.002052043,13.52340942
Cancer,62,K62I,0.155704121,0.483485261,0.0316,67.80487805,1.2682,0.387410649,-1.14E-07,0.009779951,1.81E-06,0.000814996,5.229008616,0.443232199,0.106021797,0.001850193,12.75816687
Cancer,62,K62T,0.155704121,0.483485261,0.0316,67.80487805,1.23545,0.387410649,-1.14E-07,0.009779951,1.81E-06,0.000814996,5.229008616,0.443232199,0.106021797,0.001850193,12.75816687
Cancer,62,K62R,0.155704121,0.483485261,0.0316,67.80487805,-0.382327,0.387410649,-1.14E-07,0.009779951,1.81E-06,0.000814996,5.229008616,0.443232199,0.106021797,0.001850193,12.75816687
Cancer,63,N63Y,0.237766693,0.900685341,-0.0721,62.42038217,-0.0902825,3.352720042,2.47E-08,0.007334963,1.99E-07,-0.368378158,6.572700261,0.574770118,0.09943237,0.002325408,12.30597168
Cancer,63,N63H,0.237766693,0.900685341,-0.0721,62.42038217,1.50943,3.352720042,2.47E-08,0.007334963,1.99E-07,-0.368378158,6.572700261,0.574770118,0.09943237,0.002325408,12.30597168
Cancer,65,Y65N,0.040698297,0.058914433,-0.9406,0,4.23358,0.629512368,-8.69E-08,-0.009779951,1.82E-05,-0.123471883,10.37922966,0.312529923,0.070032946,0.003671641,14.78620777
Cancer,65,Y65D,0.040698297,0.058914433,-0.9406,0,6.13006,0.629512368,-8.69E-08,-0.009779951,1.82E-05,-0.123471883,10.37922966,0.312529923,0.070032946,0.003671641,14.78620777
Cancer,66,K66Q,0.150151011,0.439978222,-0.6239,19.51219512,1.12341,0.196207091,-5.94E-08,-0.014669927,-3.22E-06,0,14.34717737,0.276073286,0.072347675,0.005074962,15.37362269
Cancer,66,K66E,0.150151011,0.439978222,-0.6239,19.51219512,2.52845,0.196207091,-5.94E-08,-0.014669927,-3.22E-06,0,14.34717737,0.276073286,0.072347675,0.005074962,15.37362269
Cancer,66,K66N,0.150151011,0.439978222,-0.6239,19.51219512,1.66066,0.196207091,-5.94E-08,-0.014669927,-3.22E-06,0,14.34717737,0.276073286,0.072347675,0.005074962,15.37362269
Cancer,66,K66T,0.150151011,0.439978222,-0.6239,19.51219512,1.20303,0.196207091,-5.94E-08,-0.014669927,-3.22E-06,0,14.34717737,0.276073286,0.072347675,0.005074962,15.37362269
Cancer,67,I67V,0.118991719,0.373468907,-0.7172,0,1.31413,-6.42382473,-1.16E-07,-0.007334963,0.00037509,0,14.66029124,0.157155577,0.072225229,0.005185699,16.23701588
Cancer,67,I67L,0.118991719,0.373468907,-0.7172,0,0.172022,-6.42382473,-1.16E-07,-0.007334963,0.00037509,0,14.66029124,0.157155577,0.072225229,0.005185699,16.23701588
Cancer,67,I67R,0.118991719,0.373468907,-0.7172,0,5.12996,-6.42382473,-1.16E-07,-0.007334963,0.00037509,0,14.66029124,0.157155577,0.072225229,0.005185699,16.23701588
Cancer,69,N69I,0.050210196,0.117714473,-1.0053,1.27388535,-0.512367,6.695856081,-7.00E-08,-0.009779951,0.000448795,0.002444988,14.29621275,0.161792412,0.064570011,0.005056938,15.83481246
Cancer,69,N69T,0.050210196,0.117714473,-1.0053,1.27388535,1.57706,6.695856081,-7.00E-08,-0.009779951,0.000448795,0.002444988,14.29621275,0.161792412,0.064570011,0.005056938,15.83481246
Cancer,70,L70I,0.023483734,0,-1.0263,0,3.62698,19.10918851,-5.11E-08,-0.009779951,-0.000124688,0,18.38578568,0.128017777,0.057430465,0.006503273,15.65383129
Cancer,70,L70F,0.023483734,0,-1.0263,0,5.29879,19.10918851,-5.11E-08,-0.009779951,-0.000124688,0,18.38578568,0.128017777,0.057430465,0.006503273,15.65383129
Cancer,70,L70H,0.023483734,0,-1.0263,0,2.03879,19.10918851,-5.11E-08,-0.009779951,-0.000124688,0,18.38578568,0.128017777,0.057430465,0.006503273,15.65383129
Cancer,70,L70P,0.023483734,0,-1.0263,0,7.08841,19.10918851,-5.11E-08,-0.009779951,-0.000124688,0,18.38578568,0.128017777,0.057430465,0.006503273,15.65383129
Cancer,71,C71S,-8.91E-16,0,-0.9654,0.740740741,1.0981,5.852131052,-6.35E-08,0.002444988,-0.00077562,0.036674817,10.9021572,0.325348604,0.069269803,0.003856582,14.43410379
Cancer,72,A72V,0.321854844,0.913929751,-0.661,30.18867925,-0.00677758,1.267146288,-1.37E-07,0.002444988,-0.000547651,0.018337408,7.763787343,0.513838831,0.094136388,0.002746653,13.15267453
Cancer,73,E73K,0.024958252,0.13791924,-0.9916,39.17525773,1.38894,2.016888519,-1.05E-07,0.002444988,-6.65E-05,0,5.489035269,0.783866415,0.114967451,0.001942155,12.60848528
Cancer,73,E73V,0.024958252,0.13791924,-0.9916,39.17525773,1.16491,2.016888519,-1.05E-07,0.002444988,-6.65E-05,0,5.489035269,0.783866415,0.114967451,0.001942155,12.60848528
Cancer,74,R74I,0.022068758,0.056937224,-0.8632,15.32258065,1.81495,-0.170167756,-1.03E-07,0,-6.53E-06,0.000814996,5.627950622,0.731982474,0.107063746,0.001991284,13.21979398
Cancer,78,T78N,0.412632754,1.72605956,1.0456,36.61971831,0.0202177,0.613393476,-9.74E-08,0.002444988,2.39E-07,0,5.19407327,0.627331849,0.118923117,0.001837837,13.07277691
Cancer,79,A79S,0.318712818,1.589153963,0.9812,51.88679245,-0.350995,-0.0809494,-7.31E-08,-0.002444988,1.88E-06,0,4.065337849,0.780322162,0.153168225,0.001438644,11.66769912
Cancer,81,F81C,-8.91E-16,0,-0.9998,0,5.07562,3.162360934,-7.84E-08,0.004889976,1.47E-06,-0.059494703,6.361983002,0.37775501,0.080407985,0.002250885,13.30086827
Cancer,81,F81L,-8.91E-16,0,-0.9998,0,1.92759,3.162360934,-7.84E-08,0.004889976,1.47E-06,-0.059494703,6.361983002,0.37775501,0.080407985,0.002250885,13.30086827
Cancer,82,N82T,0.399942539,1.281255927,-0.1088,52.86624204,1.67196,0,-6.88E-08,0,4.79E-07,-0.356968215,5.667328004,0.592622671,0.105440653,0.002005211,12.32434626
Cancer,85,V85A,0.014502945,0.057907517,-0.9116,18.30985915,3.03997,5.938917421,-8.60E-08,-0.009779951,2.48E-05,0.036104319,9.980992469,0.3753462,0.08252815,0.003530799,14.68735653
Cancer,85,V85F,0.014502945,0.057907517,-0.9116,18.30985915,2.9653,5.938917421,-8.60E-08,-0.009779951,2.48E-05,0.036104319,9.980992469,0.3753462,0.08252815,0.003530799,14.68735653
Cancer,86,A86P,0.163532588,0.592949889,-0.6199,14.1509434,0.411147,1.888934956,-3.75E-08,-0.002444988,-4.61E-05,0,11.41425594,0.370369387,0.083941909,0.004037693,14.33421399
Cancer,86,A86V,0.163532588,0.592949889,-0.6199,14.1509434,0.963508,1.888934956,-3.75E-08,-0.002444988,-4.61E-05,0,11.41425594,0.370369387,0.083941909,0.004037693,14.33421399
Cancer,87,Q87P,0.424096209,1.308527163,0.9192,51.51515152,1.54517,3.527299004,-3.83E-08,-0.004889976,-0.000117333,0,11.32337368,0.339230901,0.092073559,0.004005551,14.49755469
Cancer,88,Y88N,0.064001158,0.329544105,-0.2209,14.41441441,3.90491,3.544372319,-1.29E-07,0,-1.02E-05,0,16.90263797,0.210632165,0.072092217,0.005978737,14.79975922
Cancer,89,P89T,0.075855101,0.257318641,-0.7917,44.11764706,2.24792,1.522312529,-1.31E-07,-0.002444988,3.42E-05,0.000814996,13.66252459,0.266301549,0.074052861,0.004832825,14.38255302
Cancer,90,F90L,-8.91E-16,0,-0.9128,6.091370558,3.51633,22.15678492,-1.99E-07,0.004889976,-0.000799032,0.011817441,15.70390743,0.230777205,0.072023813,0.005554789,14.91702399
Cancer,90,F90S,-8.91E-16,0,-0.9128,6.091370558,4.5766,22.15678492,-1.99E-07,0.004889976,-0.000799032,0.011817441,15.70390743,0.230777205,0.072023813,0.005554789,14.91702399
Cancer,91,E91Q,0.313507928,0.878061937,-0.2442,40.20618557,0.0397922,0.303736093,-1.22E-07,0,-6.73E-05,0,11.27018423,0.398771576,0.088493555,0.00398674,14.69264858
Cancer,92,D92V,-8.91E-16,0,-1.0305,23.92638037,-1.04866,2.071501451,-7.21E-08,0.007334963,-7.17E-06,0,10.77913091,0.467341845,0.079237493,0.003813072,14.77396816
Cancer,92,D92H,-8.91E-16,0,-1.0305,23.92638037,-0.416473,2.071501451,-7.21E-08,0.007334963,-7.17E-06,0,10.77913091,0.467341845,0.079237493,0.003813072,14.77396816
Cancer,93,H93Q,-8.91E-16,0,-1.0166,32.60869565,-1.58778,-0.989341041,-1.69E-07,0,-7.19E-07,0,11.58760099,0.4636614,0.073153975,0.004098999,15.5155946
Cancer,94,N94Y,0.089558346,0.283439657,-0.7306,17.19745223,-1.10817,0.79786994,-2.41E-07,0.002444988,-7.21E-08,0,18.20783889,0.262360121,0.065998843,0.00644034,15.80128284
Cancer,94,N94I,0.089558346,0.283439657,-0.7306,17.19745223,1.23082,0.79786994,-2.41E-07,0.002444988,-7.21E-08,0,18.20783889,0.262360121,0.065998843,0.00644034,15.80128284
Cancer,95,P95Q,0.032958294,0.099623389,-0.7891,6.617647059,13.6341,-25.12316767,-3.76E-07,-0.004889976,-7.27E-09,0,32.357699,0.07599702,0.051181746,0.011444638,16.31204213
Cancer,96,P96S,-8.91E-16,0,-0.9811,1.470588235,3.8671,24.41384599,-1.96E-07,0.009779951,-0.00071402,0,31.26775423,0.050884694,0.056854294,0.011059164,15.9762716
Cancer,96,P96T,-8.91E-16,0,-0.9811,1.470588235,6.09667,24.41384599,-1.96E-07,0.009779951,-0.00071402,0,31.26775423,0.050884694,0.056854294,0.011059164,15.9762716
Cancer,96,P96A,-8.91E-16,0,-0.9811,1.470588235,3.32013,24.41384599,-1.96E-07,0.009779951,-0.00071402,0,31.26775423,0.050884694,0.056854294,0.011059164,15.9762716
Cancer,97,Q97L,0.401407693,1.176962329,0.0466,51.51515152,-0.233196,49.18478233,-8.47E-08,0.004889976,-4.06E-05,0,25.76320542,0.11885784,0.066715824,0.009112402,15.64762912
Cancer,97,Q97R,0.401407693,1.176962329,0.0466,51.51515152,-0.50191,49.18478233,-8.47E-08,0.004889976,-4.06E-05,0,25.76320542,0.11885784,0.066715824,0.009112402,15.64762912
Cancer,98,L98P,0.187369417,0.614795382,-0.4266,3.048780488,4.91924,7.226351213,-1.82E-07,0.004889976,-5.45E-06,0.001629992,28.25400481,0.094543445,0.070519883,0.009993309,15.8153109
Cancer,99,E99K,0.15479056,0.493772464,-0.3649,57.73195876,0.0217401,0,-1.83E-07,-0.002444988,-3.30E-05,0.004889976,14.68957077,0.283572939,0.085767923,0.005196054,14.74485721
Cancer,100,L100F,0.212134287,0.670857756,-0.1668,22.56097561,1.689,-0.091274332,-1.50E-07,0.009779951,-0.000268213,0.001629992,18.79136239,0.203822871,0.093111997,0.006646711,15.29538509
Cancer,101,I101M,0.079670832,0.269477201,-0.7037,0,0.179046,-1.507238758,-1.37E-07,-0.004889976,-0.001846351,0,23.53116649,0.139966572,0.063917629,0.00832301,15.89437333
Cancer,103,P103L,0.02133771,0.056937224,-0.2936,38.97058824,1.99374,1.066224014,-8.49E-08,0.002444988,-0.012182892,0.217603912,9.443807248,0.496018675,0.112116234,0.003340816,13.78849304
Cancer,103,P103S,0.02133771,0.056937224,-0.2936,38.97058824,2.7973,1.066224014,-8.49E-08,0.002444988,-0.012182892,0.217603912,9.443807248,0.496018675,0.112116234,0.003340816,13.78849304
Cancer,104,F104V,0.047215978,0.136863993,-0.7978,0,4.77952,-2.399241945,-8.00E-08,0,-0.002949619,0.073349633,16.31920799,0.263240508,0.06990212,0.005772399,15.33532793
Cancer,105,C105W,-8.90E-16,0,-0.9595,0,30.9737,8.158763133,-1.03E-07,-0.007334963,-0.001438439,0.002444988,13.08340768,0.358283116,0.067669388,0.004628012,15.70575449
Cancer,105,C105R,-8.90E-16,0,-0.9595,0,15.7705,8.158763133,-1.03E-07,-0.007334963,-0.001438439,0.002444988,13.08340768,0.358283116,0.067669388,0.004628012,15.70575449
Cancer,106,E106G,0.147421383,0.571690171,0.3387,44.32989691,0.556943,0.445138322,-6.96E-08,0.017114914,-0.000185655,0.205378973,7.360098831,0.670698161,0.093279243,0.002603883,13.89346175
Cancer,107,D107N,0.075261833,0.2271133,-0.6899,20.85889571,1.28026,-0.329047422,-6.98E-08,0.007334963,5.26E-06,0.074164629,8.613900421,0.580288482,0.101106979,0.003047308,13.58723423
Cancer,107,D107H,0.075261833,0.2271133,-0.6899,20.85889571,1.32259,-0.329047422,-6.98E-08,0.007334963,5.26E-06,0.074164629,8.613900421,0.580288482,0.101106979,0.003047308,13.58723423
Cancer,108,L108R,0.24568576,0.641051653,-0.6891,0,6.46137,1.001644151,-8.42E-08,-0.004889976,5.98E-05,0.19600652,11.85257593,0.40580781,0.064465147,0.004192711,15.14826157
Cancer,108,L108H,0.24568576,0.641051653,-0.6891,0,3.13757,1.001644151,-8.42E-08,-0.004889976,5.98E-05,0.19600652,11.85257593,0.40580781,0.064465147,0.004192711,15.14826157
Cancer,109,D109Y,0.286509273,0.789291538,-0.2237,16.56441718,-0.963616,3.538124717,-9.71E-08,0.012224939,0.000234734,0.061532192,7.003684288,0.711892472,0.085178525,0.002477832,14.0483362
Cancer,109,D109H,0.286509273,0.789291538,-0.2237,16.56441718,-0.257819,3.538124717,-9.71E-08,0.012224939,0.000234734,0.061532192,7.003684288,0.711892472,0.085178525,0.002477832,14.0483362
Cancer,111,W111S,0.038220247,0.156349121,-0.5461,10.57268722,2.73652,2.240739287,-7.03E-08,-0.012224939,4.36E-05,0.132844336,7.176925545,0.723943599,0.087185282,0.002539101,13.79253156
Cancer,112,L112Q,-8.90E-16,0,-0.8443,7.926829268,3.92552,-0.08727509,-1.01E-07,-0.026894866,1.54E-05,0.073349633,6.671582071,0.730027467,0.081202904,0.002360379,14.0653914
Cancer,112,L112P,-8.90E-16,0,-0.8443,7.926829268,6.28075,-0.08727509,-1.01E-07,-0.026894866,1.54E-05,0.073349633,6.671582071,0.730027467,0.081202904,0.002360379,14.0653914
Cancer,113,S113T,0.2474086,0.884989597,0.2357,53.84615385,0.87198,0.503160248,-1.78E-08,0.007334963,-1.24E-08,0.038304808,4.102431882,1.179527627,0.118074034,0.001451763,12.4046929
Cancer,115,D115N,0.147005628,0.80481151,-0.3005,31.90184049,0.289618,-0.221546354,-7.12E-08,0,-1.92E-06,0,3.426659047,1.239999374,0.139385462,0.001212766,10.99029834
Cancer,118,H118D,0.218468156,0.662852494,-0.8761,10.86956522,5.17984,7.535465663,-3.38E-08,-0.012224939,2.00E-05,-0.034311328,6.588174186,0.651260877,0.08654183,0.002330881,13.39361372
Cancer,118,H118L,0.218468156,0.662852494,-0.8761,10.86956522,0.912248,7.535465663,-3.38E-08,-0.012224939,2.00E-05,-0.034311328,6.588174186,0.651260877,0.08654183,0.002330881,13.39361372
Cancer,119,V119A,0.059949896,0.230323541,-0.8921,3.521126761,2.80193,3.493277044,-4.93E-08,-0.009779951,-0.000157731,-0.012795436,9.149661999,0.383495453,0.063721477,0.003236787,14.85780455
Cancer,119,V119D,0.059949896,0.230323541,-0.8921,3.521126761,4.90144,3.493277044,-4.93E-08,-0.009779951,-0.000157731,-0.012795436,9.149661999,0.383495453,0.063721477,0.003236787,14.85780455
Cancer,120,A120T,0.042688407,0.136863993,-0.7788,0,0.571607,-2.089796833,-1.29E-07,0,-1.64E-05,0.049551752,13.9109793,0.215639998,0.064949025,0.004920695,16.02590245
Cancer,121,A121T,0.127206559,0.427373228,-0.6486,0,0.592647,2.403731161,-8.88E-08,-0.002444988,0.000160564,0.0599837,12.48965662,0.108191678,0.066965237,0.004418024,16.51109835
Cancer,121,A121P,0.127206559,0.427373228,-0.6486,0,1.51628,2.403731161,-8.88E-08,-0.002444988,0.000160564,0.0599837,12.48965662,0.108191678,0.066965237,0.004418024,16.51109835
Cancer,121,A121E,0.127206559,0.427373228,-0.6486,0,2.93911,2.403731161,-8.88E-08,-0.002444988,0.000160564,0.0599837,12.48965662,0.108191678,0.066965237,0.004418024,16.51109835
Cancer,122,I122N,0.180759441,0.491796857,-0.7479,0,4.35551,3.004196439,-1.48E-07,-0.002444988,-0.00025185,0,15.31685659,0.060491818,0.051826642,0.005417903,16.63121104
Cancer,122,I122M,0.180759441,0.491796857,-0.7479,0,0.655883,3.004196439,-1.48E-07,-0.002444988,-0.00025185,0,15.31685659,0.060491818,0.051826642,0.005417903,16.63121104
Cancer,123,H123R,0.02133771,0.056937224,-1.0016,0,8.79115,28.51929621,-3.29E-08,0.014669927,-0.000371907,0.039853301,18.26289917,0.107155303,0.054148498,0.006459813,16.53858248
Cancer,123,H123D,0.02133771,0.056937224,-1.0016,0,3.89952,28.51929621,-3.29E-08,0.014669927,-0.000371907,0.039853301,18.26289917,0.107155303,0.054148498,0.006459813,16.53858248
Cancer,123,H123N,0.02133771,0.056937224,-1.0016,0,1.97772,28.51929621,-3.29E-08,0.014669927,-0.000371907,0.039853301,18.26289917,0.107155303,0.054148498,0.006459813,16.53858248
Cancer,123,H123L,0.02133771,0.056937224,-1.0016,0,1.83145,28.51929621,-3.29E-08,0.014669927,-0.000371907,0.039853301,18.26289917,0.107155303,0.054148498,0.006459813,16.53858248
Cancer,124,C124S,-8.90E-16,0,-1.0243,2.222222222,0.499299,-46.19478485,-2.57E-07,-0.048899756,-0.004146188,-0.016404704,17.01552406,0.20618513,0.053497319,0.006018661,15.89514725
Cancer,124,C124R,-8.90E-16,0,-1.0243,2.222222222,6.45362,-46.19478485,-2.57E-07,-0.048899756,-0.004146188,-0.016404704,17.01552406,0.20618513,0.053497319,0.006018661,15.89514725
Cancer,124,C124W,-8.90E-16,0,-1.0243,2.222222222,20.2441,-46.19478485,-2.57E-07,-0.048899756,-0.004146188,-0.016404704,17.01552406,0.20618513,0.053497319,0.006018661,15.89514725
Cancer,124,C124F,-8.90E-16,0,-1.0243,2.222222222,14.8578,-46.19478485,-2.57E-07,-0.048899756,-0.004146188,-0.016404704,17.01552406,0.20618513,0.053497319,0.006018661,15.89514725
Cancer,125,K125T,-8.90E-16,0,-1.0105,12.68292683,-0.848776,0.100904768,-1.46E-07,0.004889976,-0.000661465,-0.378158109,10.45291589,0.467526361,0.06545357,0.003697701,15.57048526
Cancer,126,A126D,0.017343752,0.056937224,-0.9896,33.01886792,-0.609768,10.8663773,-5.64E-08,-0.007334963,-0.002525459,-0.102281989,10.78173355,0.529282523,0.069899561,0.003813993,16.08963106
Cancer,127,G127A,-8.90E-16,0,-1.026,0,7.60785,47.83607664,-1.24E-07,-0.014669927,-0.000858283,0.053137734,17.53311864,0.296197046,0.059657537,0.006201715,16.35293052
Cancer,128,K128Q,-8.90E-16,0,-1.0102,27.80487805,0.917593,0.880953201,-1.79E-08,0.004889976,-0.000173582,0,14.2863725,0.39379909,0.055890814,0.005053458,16.4127645
Cancer,128,K128M,-8.90E-16,0,-1.0102,27.80487805,0.37296,0.880953201,-1.79E-08,0.004889976,-0.000173582,0,14.2863725,0.39379909,0.055890814,0.005053458,16.4127645
Cancer,129,G129E,-8.90E-16,0,-1.026,16.66666667,0.0393345,68.6649681,-7.05E-08,-0.026894866,-0.002502379,0,17.7819361,0.297992196,0.053472727,0.006289713,16.56059629
Cancer,129,G129A,-8.90E-16,0,-1.026,16.66666667,0.399216,68.6649681,-7.05E-08,-0.026894866,-0.002502379,0,17.7819361,0.297992196,0.053472727,0.006289713,16.56059629
Cancer,130,R130X,0.011085409,0.13791924,-1.0143,0.806451613,0.737571,-15.79536372,-1.52E-07,-0.009779951,-0.00519165,0.126324368,30.13823571,0.114828083,0.047826719,0.010659694,16.64545769
Cancer,130,R130G,0.011085409,0.13791924,-1.0143,0.806451613,1.06297,-15.79536372,-1.52E-07,-0.009779951,-0.00519165,0.126324368,30.13823571,0.114828083,0.047826719,0.010659694,16.64545769
Cancer,130,R130S,0.011085409,0.13791924,-1.0143,0.806451613,3.44565,-15.79536372,-1.52E-07,-0.009779951,-0.00519165,0.126324368,30.13823571,0.114828083,0.047826719,0.010659694,16.64545769
Cancer,131,T131P,-8.90E-16,0,-1.0199,0,1.79162,-63.93155367,-1.58E-07,-0.02200489,-0.019234903,0.023879381,30.43148945,0.089456988,0.052611715,0.010763407,16.78697914
Cancer,132,G132V,0.005572525,0.056937224,-1.0005,0,9.95996,13.50365211,-9.02E-08,-0.007334963,-0.133971341,0.067237164,24.16902388,0.185760472,0.049297853,0.008548597,16.70077249
Cancer,132,G132R,0.005572525,0.056937224,-1.0005,0,27.3361,13.50365211,-9.02E-08,-0.007334963,-0.133971341,0.067237164,24.16902388,0.185760472,0.049297853,0.008548597,16.70077249
Cancer,134,M134R,-8.90E-16,0,-0.9248,0,7.12272,10.10582711,-1.22E-07,-0.012224939,-0.090798669,-0.055012225,37.16227102,0.046594855,0.050432578,0.013143843,16.78948647
Cancer,135,I135M,0.129737968,0.391399127,-0.8551,0,0.951003,10.86790265,-1.24E-07,0,-0.094282778,-0.055012225,23.46515434,0.162503163,0.051438593,0.008299664,16.71056061
Cancer,135,I135V,0.129737968,0.391399127,-0.8551,0,1.31541,10.86790265,-1.24E-07,0,-0.094282778,-0.055012225,23.46515434,0.162503163,0.051438593,0.008299664,16.71056061
Cancer,136,C136W,0.019395792,0.11376925,-0.8154,0,28.5464,10.57771312,-1.07E-07,0,-0.173696121,0.055419723,16.95444875,0.281184504,0.047489726,0.005997061,16.66921595
Cancer,136,C136F,0.019395792,0.11376925,-0.8154,0,17.7111,10.57771312,-1.07E-07,0,-0.173696121,0.055419723,16.95444875,0.281184504,0.047489726,0.005997061,16.66921595
Cancer,137,A137V,0.194781084,0.531772867,-0.6599,0,2.27771,24.78249395,-8.93E-08,-0.002444988,-0.1052695,0.056234719,19.63157148,0.217527059,0.052842397,0.006943863,16.47324275
Cancer,137,A137T,0.194781084,0.531772867,-0.6599,0,0.852533,24.78249395,-8.93E-08,-0.002444988,-0.1052695,0.056234719,19.63157148,0.217527059,0.052842397,0.006943863,16.47324275
Cancer,138,Y138D,0.043525924,0.11376925,-0.6985,5.405405405,4.70465,4.809576944,-8.33E-08,-0.009779951,-0.041085707,0.03398533,13.95352506,0.330294718,0.057310579,0.004935741,16.30796249
Cancer,138,Y138S,0.043525924,0.11376925,-0.6985,5.405405405,2.73128,4.809576944,-8.33E-08,-0.009779951,-0.041085707,0.03398533,13.95352506,0.330294718,0.057310579,0.004935741,16.30796249
Cancer,139,L139V,0.053220052,0.230323541,-0.7419,1.219512195,2.44088,5.324330708,-9.11E-08,0.009779951,-0.016011754,0.027709861,9.072587456,0.546320618,0.060133007,0.003209529,15.66675222
Cancer,140,L140F,0.030730427,0.11376925,-0.656,6.097560976,3.27062,1.824153879,-7.51E-08,0.009779951,-0.007680117,0.026487368,7.901725756,0.622305145,0.063377804,0.002795437,14.73211798
Cancer,141,H141N,0.054553404,0.156349121,-0.7092,26.63043478,0.780879,24.75690184,-7.80E-08,-0.002444988,-0.007408466,0.01605542,7.688220512,0.64690074,0.065352918,0.002719928,14.57012928
Cancer,142,R142W,0.304727161,0.86387822,-0.3969,51.61290323,1.89713,-2.001156051,-1.02E-07,0,-0.000760718,0.002444988,5.491034476,0.922333406,0.092114172,0.001942862,14.31781727
Cancer,142,R142G,0.304727161,0.86387822,-0.3969,51.61290323,0.425008,-2.001156051,-1.02E-07,0,-0.000760718,0.002444988,5.491034476,0.922333406,0.092114172,0.001942862,14.31781727
Cancer,144,K144T,0.325448233,1.059773107,0.6104,59.51219512,1.41959,0.68473588,4.40E-08,0.014669927,-0.000107924,0,4.46978027,1.12060766,0.106104852,0.001581681,13.43929702
Cancer,144,K144I,0.325448233,1.059773107,0.6104,59.51219512,-0.218982,0.68473588,4.40E-08,0.014669927,-0.000107924,0,4.46978027,1.12060766,0.106104852,0.001581681,13.43929702
Cancer,144,K144Q,0.325448233,1.059773107,0.6104,59.51219512,0.150952,0.68473588,4.40E-08,0.014669927,-0.000107924,0,4.46978027,1.12060766,0.106104852,0.001581681,13.43929702
Cancer,145,F145I,0.157013959,0.515974469,0.3491,17.25888325,3.01059,-1.541463125,-4.30E-08,0,-0.001001515,0.000814996,4.645913209,1.08618298,0.075243894,0.001643973,13.33001512
Cancer,145,F145C,0.157013959,0.515974469,0.3491,17.25888325,3.41555,-1.541463125,-4.30E-08,0,-0.001001515,0.000814996,4.645913209,1.08618298,0.075243894,0.001643973,13.33001512
Cancer,146,L146V,0.362957724,2.259728382,2.8781,88.41463415,0.294893,0.008741132,-6.39E-08,0.004889976,-0.000356178,0,4.054800374,1.216183916,0.088387826,0.001434917,12.89528463
Cancer,148,A148E,0.088991508,0.3905665,-0.6922,1.886792453,5.76947,5.820624021,-8.25E-08,-0.007334963,-3.91E-05,0,8.290641823,0.598277313,0.062854229,0.002932983,15.05130474
Cancer,148,A148S,0.088991508,0.3905665,-0.6922,1.886792453,0.748058,5.820624021,-8.25E-08,-0.007334963,-3.91E-05,0,8.290641823,0.598277313,0.062854229,0.002932983,15.05130474
Cancer,149,Q149R,0.324710048,1.105351512,0.5085,30.3030303,0.79216,0.566516791,-4.42E-08,0.002444988,-2.24E-05,0,6.231205109,0.848991888,0.084118815,0.002204634,14.25284145
Cancer,150,E150K,0.134577004,0.613272011,0.0292,44.32989691,0.000402858,0.269248619,-1.15E-07,0,-0.000176639,0.007334963,4.934076614,1.071797672,0.086054827,0.001745886,13.70755716
Cancer,150,E150D,0.134577004,0.613272011,0.0292,44.32989691,1.20145,0.269248619,-1.15E-07,0,-0.000176639,0.007334963,4.934076614,1.071797672,0.086054827,0.001745886,13.70755716
Cancer,151,A151D,0.072776586,0.212967439,-0.8803,0,5.23623,4.703927325,-2.28E-08,-0.007334963,-0.001758855,0.015671207,7.565396017,0.696434431,0.061882522,0.002676489,14.94987794
Cancer,151,A151G,0.072776586,0.212967439,-0.8803,0,2.18638,4.703927325,-2.28E-08,-0.007334963,-0.001758855,0.015671207,7.565396017,0.696434431,0.061882522,0.002676489,14.94987794
Cancer,152,L152I,0.005035926,0.083133115,-0.7341,1.219512195,0.70506,3.488523173,-1.48E-07,-0.019559902,-0.003128581,-0.020863896,8.896022665,0.606435689,0.054375966,0.003147084,14.96112206
Cancer,152,L152Q,0.005035926,0.083133115,-0.7341,1.219512195,3.45815,3.488523173,-1.48E-07,-0.019559902,-0.003128581,-0.020863896,8.896022665,0.606435689,0.054375966,0.003147084,14.96112206
Cancer,152,L152R,0.005035926,0.083133115,-0.7341,1.219512195,3.23625,3.488523173,-1.48E-07,-0.019559902,-0.003128581,-0.020863896,8.896022665,0.606435689,0.054375966,0.003147084,14.96112206
Cancer,152,L152V,0.005035926,0.083133115,-0.7341,1.219512195,3.20254,3.488523173,-1.48E-07,-0.019559902,-0.003128581,-0.020863896,8.896022665,0.606435689,0.054375966,0.003147084,14.96112206
Cancer,153,D153Y,0.331660299,1.077088002,0.3466,50.9202454,0.0292604,0.265552157,-8.71E-08,-0.002444988,-0.00190713,-0.005297474,5.409109347,1.019454211,0.080333431,0.001913888,13.85953923
Cancer,153,D153E,0.331660299,1.077088002,0.3466,50.9202454,0.151207,0.265552157,-8.71E-08,-0.002444988,-0.00190713,-0.005297474,5.409109347,1.019454211,0.080333431,0.001913888,13.85953923
Cancer,154,F154S,0.198730611,0.646870732,0.208,27.41116751,3.64317,0.772344056,-7.09E-08,-0.004889976,-0.010128142,0.120619397,5.490985089,0.996593022,0.080859151,0.001942844,14.00676843
Cancer,154,F154V,0.198730611,0.646870732,0.208,27.41116751,2.63631,0.772344056,-7.09E-08,-0.004889976,-0.010128142,0.120619397,5.490985089,0.996593022,0.080859151,0.001942844,14.00676843
Cancer,154,F154C,0.198730611,0.646870732,0.208,27.41116751,3.44419,0.772344056,-7.09E-08,-0.004889976,-0.010128142,0.120619397,5.490985089,0.996593022,0.080859151,0.001942844,14.00676843
Cancer,155,Y155S,0.025784331,0.13791924,-0.8815,0,4.68456,15.79502939,-4.53E-08,-0.007334963,-0.056180815,0.031703341,8.595590284,0.637185194,0.055472621,0.003040832,15.58234446
Cancer,156,G156W,0.053683896,0.193482311,-0.5963,1.19047619,11.177,-3.178223237,-1.28E-07,-0.017114914,-0.043809123,0.049796251,6.505478754,0.875164272,0.062615012,0.002301634,14.70765975
Cancer,156,G156V,0.053683896,0.193482311,-0.5963,1.19047619,2.77679,-3.178223237,-1.28E-07,-0.017114914,-0.043809123,0.049796251,6.505478754,0.875164272,0.062615012,0.002301634,14.70765975
Cancer,156,G156E,0.053683896,0.193482311,-0.5963,1.19047619,3.02185,-3.178223237,-1.28E-07,-0.017114914,-0.043809123,0.049796251,6.505478754,0.875164272,0.062615012,0.002301634,14.70765975
Cancer,157,E157K,0.347649177,1.115456366,0.3894,46.90721649,-0.487959,0.019776413,-1.15E-07,-0.004889976,-0.007744555,0.096169519,4.486921153,1.254521924,0.083498922,0.001587743,13.17259101
Cancer,159,R159C,-8.90E-16,0,-1.0304,0,3.45703,3.988043738,-1.45E-07,-0.004889976,-0.002074914,0.044824776,7.647632386,0.739916053,0.053386325,0.002705573,14.99966115
Cancer,160,T160S,-8.90E-16,0,-1.0199,1.408450704,1.17129,-0.015198374,-1.78E-07,-0.004889976,-0.000632533,0,5.28822837,1.11053386,0.073282188,0.001871137,14.20544853
Cancer,160,T160A,-8.90E-16,0,-1.0199,1.408450704,1.18241,-0.015198374,-1.78E-07,-0.004889976,-0.000632533,0,5.28822837,1.11053386,0.073282188,0.001871137,14.20544853
Cancer,161,R161G,0.34677911,1.224146092,0.4977,71.77419355,1.28999,-1.043641775,-1.52E-07,0,-5.99E-05,0,3.556078532,1.667514444,0.100614478,0.001258537,12.99527488
Cancer,161,R161S,0.34677911,1.224146092,0.4977,71.77419355,1.08372,-1.043641775,-1.52E-07,0,-5.99E-05,0,3.556078532,1.667514444,0.100614478,0.001258537,12.99527488
Cancer,161,R161K,0.34677911,1.224146092,0.4977,71.77419355,1.01456,-1.043641775,-1.52E-07,0,-5.99E-05,0,3.556078532,1.667514444,0.100614478,0.001258537,12.99527488
Cancer,161,R161I,0.34677911,1.224146092,0.4977,71.77419355,0.916577,-1.043641775,-1.52E-07,0,-5.99E-05,0,3.556078532,1.667514444,0.100614478,0.001258537,12.99527488
Cancer,162,D162G,0.05923417,0.201508882,-0.7812,31.90184049,3.36219,0.155209288,-3.58E-08,0.002444988,-6.60E-06,0,3.299803336,1.784568616,0.100614478,0.001167902,12.0302439
Cancer,162,D162N,0.05923417,0.201508882,-0.7812,31.90184049,1.50139,0.155209288,-3.58E-08,0.002444988,-6.60E-06,0,3.299803336,1.784568616,0.100614478,0.001167902,12.0302439
Cancer,162,D162V,0.05923417,0.201508882,-0.7812,31.90184049,2.51928,0.155209288,-3.58E-08,0.002444988,-6.60E-06,0,3.299803336,1.784568616,0.100614478,0.001167902,12.0302439
Cancer,162,D162Y,0.05923417,0.201508882,-0.7812,31.90184049,1.59158,0.155209288,-3.58E-08,0.002444988,-6.60E-06,0,3.299803336,1.784568616,0.100614478,0.001167902,12.0302439
Cancer,164,K164R,0.037864013,0.11376925,-0.8633,27.31707317,0.230389,0.015198374,-1.02E-07,0,-6.18E-05,0,5.262324613,1.128247305,0.072993988,0.001861975,14.54981534
Cancer,166,V166A,-8.90E-16,0,-1.004,1.408450704,2.57214,35.44986595,-1.37E-07,-0.012224939,-0.00173786,0.008801956,12.19562006,0.465341038,0.055270782,0.004314033,16.49025565
Cancer,166,V166G,-8.90E-16,0,-1.004,1.408450704,3.87679,35.44986595,-1.37E-07,-0.012224939,-0.00173786,0.008801956,12.19562006,0.465341038,0.055270782,0.004314033,16.49025565
Cancer,167,T167I,-8.90E-16,0,-1.0057,40.84507042,-0.782622,39.75796602,-1.71E-07,-0.007334963,-0.00226154,0,7.968970016,0.716114129,0.065861312,0.002819219,15.3538788
Cancer,167,T167S,-8.90E-16,0,-1.0057,40.84507042,-0.0141646,39.75796602,-1.71E-07,-0.007334963,-0.00226154,0,7.968970016,0.716114129,0.065861312,0.002819219,15.3538788
Cancer,167,T167A,-8.90E-16,0,-1.0057,40.84507042,-0.221081,39.75796602,-1.71E-07,-0.007334963,-0.00226154,0,7.968970016,0.716114129,0.065861312,0.002819219,15.3538788
Cancer,167,T167P,-8.90E-16,0,-1.0057,40.84507042,-0.779318,39.75796602,-1.71E-07,-0.007334963,-0.00226154,0,7.968970016,0.716114129,0.065861312,0.002819219,15.3538788
Cancer,168,I168F,-8.90E-16,0,-1.0046,11.24260355,-0.311624,60.53453551,-1.33E-07,0.004889976,-7.05E-06,0,10.33973535,0.531918006,0.054705736,0.003657674,15.53248725
Cancer,169,P169S,-8.90E-16,0,-0.9566,7.352941176,3.28661,78.51417127,-7.84E-08,0.019559902,-5.40E-05,0,12.05158938,0.451086854,0.057965017,0.004263095,15.81533517
Cancer,169,P169L,-8.90E-16,0,-0.9566,7.352941176,5.42717,78.51417127,-7.84E-08,0.019559902,-5.40E-05,0,12.05158938,0.451086854,0.057965017,0.004263095,15.81533517
Cancer,171,Q171R,-8.90E-16,0,-1.0305,2.02020202,2.35748,-178.9543947,-1.95E-07,0.002444988,-0.001122864,0.11206194,26.41551161,0.155147207,0.055175551,0.009343099,16.48747245
Cancer,171,Q171K,-8.90E-16,0,-1.0305,2.02020202,1.09267,-178.9543947,-1.95E-07,0.002444988,-0.001122864,0.11206194,26.41551161,0.155147207,0.055175551,0.009343099,16.48747245
Cancer,172,R172W,0.052441392,0.227039618,-0.5805,22.58064516,4.39488,62.35308118,-3.47E-08,0.004889976,-0.003164532,0.040831296,18.76054477,0.261245977,0.055742259,0.006635812,16.08038947
Cancer,173,R173L,-8.90E-16,0,-1.0142,8.870967742,1.70296,7.328884484,-9.39E-08,0.004889976,-0.001112541,0.008557457,23.47555542,0.165257499,0.059434379,0.008303342,16.48755609
Cancer,174,Y174D,-8.90E-16,0,-0.9401,0,6.18175,-56.69481597,-2.50E-07,-0.009779951,-0.006767195,0.007917103,31.19890975,0.052148498,0.049927569,0.011034816,16.54754791
Cancer,175,V175A,0.022068758,0.056937224,-0.8709,0,2.21094,22.38400016,-1.24E-07,-0.007334963,-0.018206595,0.008883456,23.56093219,0.161565352,0.047349415,0.008333537,16.38777479
Cancer,176,Y176H,0.440945229,1.80329801,1.0699,19.36936937,2.77481,1.898655383,-1.50E-07,-0.004889976,-0.010779996,0.055827221,15.13586168,0.279264618,0.057818215,0.005353892,16.52849303
Cancer,176,Y176F,0.440945229,1.80329801,1.0699,19.36936937,0.234217,1.898655383,-1.50E-07,-0.004889976,-0.010779996,0.055827221,15.13586168,0.279264618,0.057818215,0.005353892,16.52849303
Cancer,177,Y177D,-8.89E-16,0,-1.0252,5.855855856,5.41377,6.915971216,-1.18E-07,-0.002444988,-0.005264172,0.071719641,18.74151066,0.166482423,0.064718343,0.00662908,16.47641114
Cancer,178,Y178N,0.032806848,0.099623389,-0.6359,3.603603604,3.67415,25.53653864,-1.35E-07,0,-0.005256256,0.043113284,16.61752774,0.234752249,0.057621562,0.005877904,16.04256799
Cancer,179,S179I,0.360236716,1.233695316,0.0597,12.30769231,0.839743,14.74636135,-9.38E-08,-0.009779951,-0.001607169,0.034881826,9.760108601,0.460231887,0.056407065,0.00345268,15.51842188
Cancer,181,L181P,0.035648776,0.11376925,-0.3475,9.146341463,5.2592,26.40201273,-1.29E-07,-0.024449878,-0.000280467,0.070497148,8.485209303,0.538168611,0.087749235,0.003001794,15.16082033
Cancer,181,L181Q,0.035648776,0.11376925,-0.3475,9.146341463,2.22495,26.40201273,-1.29E-07,-0.024449878,-0.000280467,0.070497148,8.485209303,0.538168611,0.087749235,0.003001794,15.16082033
Cancer,181,L181R,0.035648776,0.11376925,-0.3475,9.146341463,2.05164,26.40201273,-1.29E-07,-0.024449878,-0.000280467,0.070497148,8.485209303,0.538168611,0.087749235,0.003001794,15.16082033
Cancer,182,L182V,0.221175747,0.707177428,-0.1364,32.92682927,1.96562,46.77535598,-1.19E-07,-0.004889976,-0.000184031,0.017603912,6.274700113,0.76914656,0.076087229,0.002220016,14.20080491
Cancer,185,H185D,0.331348082,1.596627665,2.2639,94.02173913,1.72876,-0.555567861,-1.16E-07,-0.012224939,-5.96E-06,-0.08394458,3.996207816,1.190772762,0.14214537,0.001414195,11.95064002
Cancer,185,H185Y,0.331348082,1.596627665,2.2639,94.02173913,1.41408,-0.555567861,-1.16E-07,-0.012224939,-5.96E-06,-0.08394458,3.996207816,1.190772762,0.14214537,0.001414195,11.95064002
Cancer,187,D187Y,0.320861854,1.699007342,2.8779,80.36809816,-0.142364,5.248815772,-1.44E-08,0.004889976,3.28E-08,0,5.770057689,0.858195841,0.156140093,0.002041542,12.63407815
Cancer,188,Y188S,-8.89E-16,0,-0.4559,20.72072072,3.75119,77.281144,-6.78E-08,-0.002444988,6.58E-09,0,9.007877919,0.541752473,0.089597892,0.003186643,13.7328321
Cancer,189,R189K,0.362527692,1.385551362,0.5233,49.19354839,0.465507,77.35907374,-6.38E-08,0,4.09E-05,0,7.972735494,0.655882885,0.111947417,0.002820551,13.09672152
Cancer,192,A192T,0.386039565,1.177327055,0.1034,41.50943396,-0.16015,19.60810704,-3.97E-08,-0.004889976,0.017592746,-0.120619397,9.493418484,0.50049195,0.083957545,0.003358362,13.1812373
Cancer,195,F195S,0.325515914,0.892632429,-0.3807,0,6.49361,4.620171361,-6.73E-08,0,0.057318677,-0.030969845,7.437039443,0.343307674,0.064060732,0.002631094,15.36596983
Cancer,196,H196Y,0.337706235,0.977016607,0.1514,14.13043478,-0.0631491,0.684140303,-2.72E-08,0,0.016637247,-0.030154849,5.913488076,0.433917579,0.078482778,0.002092269,14.04841315
Cancer,200,F200C,0.258287952,0.741514688,-0.0626,0,4.46091,-3.449458614,-9.02E-08,0,0.000649773,0.002444988,5.548098246,1.146998442,0.06923622,0.001963043,15.00782639
Cancer,201,E201K,0.361455107,1.236201181,0.9406,18.55670103,-0.256957,1.47736999,-3.15E-08,0.009779951,0.00012066,0,4.520369449,1.38122729,0.080900014,0.001599572,13.65016098
Cancer,201,E201V,0.361455107,1.236201181,0.9406,18.55670103,0.0981673,1.47736999,-3.15E-08,0.009779951,0.00012066,0,4.520369449,1.38122729,0.080900014,0.001599572,13.65016098
Cancer,201,E201Q,0.361455107,1.236201181,0.9406,18.55670103,-0.0190758,1.47736999,-3.15E-08,0.009779951,0.00012066,0,4.520369449,1.38122729,0.080900014,0.001599572,13.65016098
Cancer,204,P204S,0.088504384,0.249992073,-0.6467,0,4.73681,-2.268066161,-2.60E-07,-0.024449878,1.01E-05,0.003259984,2.863063893,2.27118949,0.068110626,0.001013443,15.04760764
Cancer,204,P204R,0.088504384,0.249992073,-0.6467,0,21.4668,-2.268066161,-2.60E-07,-0.024449878,1.01E-05,0.003259984,2.863063893,2.27118949,0.068110626,0.001013443,15.04760764
Cancer,204,P204T,0.088504384,0.249992073,-0.6467,0,7.35586,-2.268066161,-2.60E-07,-0.024449878,1.01E-05,0.003259984,2.863063893,2.27118949,0.068110626,0.001013443,15.04760764
Cancer,204,P204Q,0.088504384,0.249992073,-0.6467,0,10.5365,-2.268066161,-2.60E-07,-0.024449878,1.01E-05,0.003259984,2.863063893,2.27118949,0.068110626,0.001013443,15.04760764
Cancer,205,M205I,0.37625513,1.093636918,0.5353,38.29787234,1.31896,4.626547069,-1.18E-07,0.012224939,2.78E-06,0.000814996,2.113678419,3.027074789,0.088357146,0.000748412,13.69066753
Cancer,205,M205V,0.37625513,1.093636918,0.5353,38.29787234,0.95286,4.626547069,-1.18E-07,0.012224939,2.78E-06,0.000814996,2.113678419,3.027074789,0.088357146,0.000748412,13.69066753
Cancer,206,F206V,0.24099051,0.833449461,0.8681,19.79695431,2.90194,0.267926031,-8.33E-08,-0.002444988,9.41E-07,-0.092909535,2.031304431,3.108115612,0.082552367,0.000719279,12.68638232
Cancer,207,S207I,0.396750944,1.33813362,-0.0111,44.61538462,0.320165,-0.568584439,-9.64E-08,0.004889976,3.12E-07,-0.099429503,1.589328277,3.892134078,0.112698173,0.000562968,11.54146362
Cancer,208,G208V,0.153356093,0.761655556,1.1448,100,1.98629,0.188229868,-6.36E-08,0.007334963,2.85E-08,0,1.337537918,4.503116881,0.211531304,0.000473919,10.93436598
Cancer,209,G209A,0.156455904,0.372720668,-0.0538,60.71428571,2.58345,-0.367965091,-6.44E-08,0.007334963,2.55E-07,-0.370823146,1.630546747,3.851005386,0.126088694,0.000577546,11.9284568
Cancer,209,G209L,0.156455904,0.372720668,-0.0538,60.71428571,1.83706,-0.367965091,-6.44E-08,0.007334963,2.55E-07,-0.370823146,1.630546747,3.851005386,0.126088694,0.000577546,11.9284568
Cancer,209,G209E,0.156455904,0.372720668,-0.0538,60.71428571,2.19649,-0.367965091,-6.44E-08,0.007334963,2.55E-07,-0.370823146,1.630546747,3.851005386,0.126088694,0.000577546,11.9284568
Cancer,213,P213R,0.293634806,1.237851797,1.0843,0.735294118,9.2613,0.818148997,-1.41E-07,-0.004889976,-9.20E-06,0,3.108568409,1.981864204,0.067332594,0.001100269,14.29809739
Cancer,213,P213H,0.293634806,1.237851797,1.0843,0.735294118,10.6662,0.818148997,-1.41E-07,-0.004889976,-9.20E-06,0,3.108568409,1.981864204,0.067332594,0.001100269,14.29809739
Cancer,215,F215S,0.27717897,0.485787671,0.5884,2.538071066,5.87491,-8.779367135,-1.73E-07,-0.004889976,-2.07E-05,0.002444988,4.491806577,1.262107166,0.069442269,0.001589471,14.6610845
Cancer,215,F215L,0.27717897,0.485787671,0.5884,2.538071066,1.03038,-8.779367135,-1.73E-07,-0.004889976,-2.07E-05,0.002444988,4.491806577,1.262107166,0.069442269,0.001589471,14.6610845
Cancer,217,V217D,0.288610489,0.583279816,-0.0929,0,4.59861,2.69231739,-1.50E-07,0,-4.33E-05,0,6.699550076,0.728818595,0.067934744,0.002370271,14.73008915
Cancer,217,V217A,0.288610489,0.583279816,-0.0929,0,3.97083,2.69231739,-1.50E-07,0,-4.33E-05,0,6.699550076,0.728818595,0.067934744,0.002370271,14.73008915
Cancer,217,V217F,0.288610489,0.583279816,-0.0929,0,4.01989,2.69231739,-1.50E-07,0,-4.33E-05,0,6.699550076,0.728818595,0.067934744,0.002370271,14.73008915
Cancer,221,K221R,0.300275838,0.757539457,0.0888,79.02439024,-0.0441419,0,-3.52E-08,0.002444988,3.85E-06,0.000814996,5.781132368,0.793161162,0.128231584,0.002045459,13.09013814
Cancer,225,Y225D,0.286773132,1.249709883,0.4888,25.22522523,3.12694,0.542944858,-1.23E-07,0.004889976,2.69E-05,0,4.230857999,1.15100084,0.101282377,0.001497183,13.13276891
Cancer,225,Y225C,0.286773132,1.249709883,0.4888,25.22522523,2.11978,0.542944858,-1.23E-07,0.004889976,2.69E-05,0,4.230857999,1.15100084,0.101282377,0.001497183,13.13276891
Cancer,226,S226F,0.302146322,1.051834017,0.0792,46.92307692,0.331261,4.590032301,-1.30E-07,0,4.13E-06,-0.014669927,3.52486598,1.483865454,0.095172331,0.001247499,12.90039103
Cancer,226,S226A,0.302146322,1.051834017,0.0792,46.92307692,-0.0552308,4.590032301,-1.30E-07,0,4.13E-06,-0.014669927,3.52486598,1.483865454,0.095172331,0.001247499,12.90039103
Cancer,227,S227F,0.08661367,0.257420898,-0.6837,6.153846154,-0.250199,-3.169759826,-2.11E-07,0.004889976,5.45E-06,0.159739201,3.362694046,1.58411853,0.086135741,0.001190144,13.08666326
Cancer,230,G230V,0.423338682,1.931043935,2.8767,23.80952381,4.25205,3.736633524,-7.01E-08,0.004889976,4.76E-07,0,2.66842871,2.22429935,0.08500672,0.000944607,13.2309658
Cancer,230,G230R,0.423338682,1.931043935,2.8767,23.80952381,2.31885,3.736633524,-7.01E-08,0.004889976,4.76E-07,0,2.66842871,2.22429935,0.08500672,0.000944607,13.2309658
Cancer,232,T232A,0.429688018,1.478463805,0.4542,56.33802817,-0.244972,1.291899396,-1.66E-08,0.002444988,1.66E-05,0,3.404511103,1.553283265,0.092944532,0.001204933,13.07284504
Cancer,233,R233Q,0.284397173,0.887670637,0.6119,40.72580645,0.118504,0.100513393,-5.93E-08,0,4.13E-05,0,3.367645255,1.617772804,0.122356088,0.001191895,12.44780751
Cancer,234,R234L,0.476331795,1.386102563,1.0073,52.82258065,-0.806115,0.099797409,-6.55E-08,0.004889976,5.69E-05,0,3.116733339,1.908746037,0.102774761,0.001103157,12.38483158
Cancer,234,R234Q,0.476331795,1.386102563,1.0073,52.82258065,0.459816,0.099797409,-6.55E-08,0.004889976,5.69E-05,0,3.116733339,1.908746037,0.102774761,0.001103157,12.38483158
Cancer,234,R234W,0.476331795,1.386102563,1.0073,52.82258065,0.673724,0.099797409,-6.55E-08,0.004889976,5.69E-05,0,3.116733339,1.908746037,0.102774761,0.001103157,12.38483158
Cancer,235,E235G,0.398041931,1.254888574,0.7483,41.2371134,1.81707,0.018767779,-6.53E-08,0,5.11E-05,0.082314588,2.901581374,1.941559689,0.16606901,0.001027065,11.88234938
Cancer,243,F243L,0.385601385,0.998297386,0.203,7.614213198,2.23413,0.382798925,3.79E-09,0,0.000210307,0,4.499442977,0.895367015,0.090734072,0.001592171,13.26223624
Cancer,244,P244R,0.377505633,1.21918108,0.9819,83.08823529,0.974361,0.026650854,5.36E-08,0.007334963,6.36E-05,0,3.308900774,1.195756854,0.141400631,0.001171119,12.23519968
Cancer,245,Q245E,0.254009866,0.806022853,0.6279,81.31313131,0.186835,-0.464348961,-2.62E-08,0,0.000447215,-0.275468623,3.581320158,0.992032414,0.129191327,0.001267464,11.81918076
Cancer,245,Q245P,0.254009866,0.806022853,0.6279,81.31313131,2.91873,-0.464348961,-2.62E-08,0,0.000447215,-0.275468623,3.581320158,0.992032414,0.129191327,0.001267464,11.81918076
Cancer,246,P246R,0.346791677,1.225339943,0.4135,41.91176471,1.80923,0.805881582,-5.58E-08,0.012224939,0.000605814,-0.012224939,4.889581862,0.655455875,0.091093482,0.00173015,13.04130795
Cancer,247,L247F,0.336119074,1.029282941,0.1197,10.97560976,4.29567,0.501091409,-3.31E-08,0,0.00334638,-0.006519967,5.446460845,0.674800491,0.08502799,0.001927098,13.7096954
Cancer,248,P248H,0.225670827,0.726090329,0.2935,66.17647059,1.54658,0.515768331,-6.62E-08,0.007334963,0.005134663,0,6.262660127,0.645742963,0.084637597,0.002215758,13.57274722
Cancer,248,P248L,0.225670827,0.726090329,0.2935,66.17647059,0.601769,0.515768331,-6.62E-08,0.007334963,0.005134663,0,6.262660127,0.645742963,0.084637597,0.002215758,13.57274722
Cancer,250,C250Y,0.27576062,0.848611547,0.4781,27.40740741,2.13003,49.86485387,-4.21E-08,0,0.040649703,-0.02208639,10.98052122,0.390650024,0.077197208,0.003884297,13.7255531
Cancer,251,G251C,0.015071685,0.056937224,-0.8805,8.333333333,3.19511,2.882350049,-3.68E-08,0.007334963,0.009696996,0,15.98957786,0.24845615,0.065380203,0.00565582,14.57909351
Cancer,252,D252Y,-8.87E-16,0,-1.0138,4.90797546,10.1086,56.86231544,-7.15E-08,0.007334963,0.00049988,0.000407498,18.95555503,0.157202704,0.061399358,0.00670478,15.20491114
Cancer,252,D252E,-8.87E-16,0,-1.0138,4.90797546,1.02187,56.86231544,-7.15E-08,0.007334963,0.00049988,0.000407498,18.95555503,0.157202704,0.061399358,0.00670478,15.20491114
Cancer,254,K254E,0.148395765,0.460118672,-0.5887,16.09756098,1.73454,3.479426006,-1.81E-07,-0.004889976,5.61E-05,0.017114914,12.85314749,0.361528198,0.069451806,0.004546577,15.85312404
Cancer,255,V255E,0.10798583,0.385377099,-0.4167,0,4.40004,-2.544110641,-1.99E-07,0,5.84E-05,0.010105949,9.632631695,0.546122375,0.07734434,0.003407596,15.9673828
Cancer,255,V255I,0.10798583,0.385377099,-0.4167,0,-0.424638,-2.544110641,-1.99E-07,0,5.84E-05,0.010105949,9.632631695,0.546122375,0.07734434,0.003407596,15.9673828
Cancer,255,V255G,0.10798583,0.385377099,-0.4167,0,5.48809,-2.544110641,-1.99E-07,0,5.84E-05,0.010105949,9.632631695,0.546122375,0.07734434,0.003407596,15.9673828
Cancer,256,E256G,0.173368709,0.584110651,-0.3754,12.88659794,2.41264,-12.70307539,-2.05E-07,-0.004889976,-0.000117728,0,6.497517443,0.884992256,0.073414768,0.002298819,15.11638507
Cancer,256,E256K,0.173368709,0.584110651,-0.3754,12.88659794,-0.992248,-12.70307539,-2.05E-07,-0.004889976,-0.000117728,0,6.497517443,0.884992256,0.073414768,0.002298819,15.11638507
Cancer,256,E256Q,0.173368709,0.584110651,-0.3754,12.88659794,0.18231,-12.70307539,-2.05E-07,-0.004889976,-0.000117728,0,6.497517443,0.884992256,0.073414768,0.002298819,15.11638507
Cancer,258,F258L,0.166057541,0.524059881,0.2664,6.598984772,2.16639,-7.345769169,-1.75E-07,-0.009779951,-4.67E-05,0.000488998,3.318924671,1.810301471,0.07689546,0.001174664,14.15001655
Cancer,258,F258Y,0.166057541,0.524059881,0.2664,6.598984772,0.914919,-7.345769169,-1.75E-07,-0.009779951,-4.67E-05,0.000488998,3.318924671,1.810301471,0.07689546,0.001174664,14.15001655
Cancer,259,H259P,0.296513297,0.878061937,-0.0689,4.347826087,6.97827,4.136263258,-1.51E-07,-0.017114914,-3.61E-05,0.000407498,2.540356993,2.40701363,0.072328646,0.000899313,13.18026858
Cancer,259,H259R,0.296513297,0.878061937,-0.0689,4.347826087,2.48004,4.136263258,-1.51E-07,-0.017114914,-3.61E-05,0.000407498,2.540356993,2.40701363,0.072328646,0.000899313,13.18026858
Cancer,262,N262I,0.423945502,1.315828926,0.2692,83.43949045,-0.193494,1.452496945,-1.35E-07,0.002444988,-2.48E-08,0,1.307870617,4.418599319,0.152687578,0.000463427,10.98117413
Cancer,263,K263N,0.330740654,0.397641095,0.051,100,-0.0887131,0.925139435,-1.18E-07,0,-2.64E-09,0,1.021158993,5.062970455,0.236907175,0.000362027,10.29167239
Cancer,264,M264V,0.336202272,0.559860766,0.0557,61.17021277,0.371427,0.074996778,-1.45E-07,0.002444988,-1.48E-09,0,1.152788124,4.495002911,0.208785003,0.00040858,9.851113069
Cancer,264,M264I,0.336202272,0.559860766,0.0557,61.17021277,-0.033617,0.074996778,-1.45E-07,0.002444988,-1.48E-09,0,1.152788124,4.495002911,0.208785003,0.00040858,9.851113069
Cancer,265,L265Q,0.303437232,0.793277868,0.2543,100,-0.476958,-1.374443932,-1.88E-07,0,-1.23E-08,0,1.300651354,3.991472008,0.186396289,0.000460874,9.325017188
Cancer,268,D268E,0.161247174,0.768170802,-0.1498,37.42331288,-0.498243,2.935393353,-2.21E-07,-0.009779951,-2.62E-06,0.000407498,2.369723565,2.516082959,0.104374431,0.000838966,12.51741407
Cancer,268,D268Y,0.161247174,0.768170802,-0.1498,37.42331288,-1.03067,2.935393353,-2.21E-07,-0.009779951,-2.62E-06,0.000407498,2.369723565,2.516082959,0.104374431,0.000838966,12.51741407
Cancer,270,M270T,0.193728144,0.621414416,-0.2377,0.531914894,5.98783,6.359484101,-8.24E-08,-0.004889976,-5.78E-06,0.00203749,3.724439425,1.683062932,0.064784466,0.001318081,14.98187302
Cancer,271,F271L,0.040891208,0.11376925,-0.4773,0.507614213,1.54657,15.95497016,-9.64E-08,0.002444988,-2.60E-05,0.000814996,5.430648037,1.145544962,0.073380256,0.001921505,15.3142649
Cancer,271,F271S,0.040891208,0.11376925,-0.4773,0.507614213,5.34898,15.95497016,-9.64E-08,0.002444988,-2.60E-05,0.000814996,5.430648037,1.145544962,0.073380256,0.001921505,15.3142649
Cancer,272,H272R,0.131867843,0.44835014,-0.4,18.47826087,-1.72119,5.535515604,-1.54E-07,0.014669927,-8.91E-05,0,8.230014731,0.725238091,0.0651974,0.002911541,15.42536023
Cancer,272,H272Y,0.131867843,0.44835014,-0.4,18.47826087,-1.78275,5.535515604,-1.54E-07,0.014669927,-8.91E-05,0,8.230014731,0.725238091,0.0651974,0.002911541,15.42536023
Cancer,272,H272Q,0.131867843,0.44835014,-0.4,18.47826087,-0.403698,5.535515604,-1.54E-07,0.014669927,-8.91E-05,0,8.230014731,0.725238091,0.0651974,0.002911541,15.42536023
Cancer,273,F273S,0.098690848,0.297585518,-0.2573,0,5.36702,-259.8979745,-2.61E-07,0.002444988,-0.00043881,0,13.994645,0.390718137,0.056481271,0.004950284,16.03434113
Cancer,274,W274G,-8.87E-16,0,-0.6648,12.33480176,4.68146,0.714239982,-1.77E-07,0,-2.06E-05,0.000407498,22.60550758,0.17564636,0.052567124,0.007995638,16.36983887
Cancer,275,V275A,0.291775754,1.014672688,-0.2702,0,2.88389,-55.46725637,-1.84E-07,0,6.66E-05,0.000488998,21.21245679,0.077388058,0.060420835,0.007502965,16.53271098
Cancer,275,V275L,0.291775754,1.014672688,-0.2702,0,-0.340173,-55.46725637,-1.84E-07,0,6.66E-05,0.000488998,21.21245679,0.077388058,0.060420835,0.007502965,16.53271098
Cancer,275,V275G,0.291775754,1.014672688,-0.2702,0,4.17061,-55.46725637,-1.84E-07,0,6.66E-05,0.000488998,21.21245679,0.077388058,0.060420835,0.007502965,16.53271098
Cancer,276,N276K,-8.87E-16,0,-0.9587,0,4.35774,1.441865919,-1.06E-07,-0.004889976,0.00034517,0.012224939,20.18641363,0.063865406,0.062755967,0.007140091,16.24029262
Cancer,279,F279S,0.016818632,0.056937224,-0.9372,4.060913706,4.78238,-0.814637274,-1.01E-07,-0.004889976,0.001066566,0.046454768,13.91153601,0.165591261,0.067318443,0.004920891,15.95987217
Cancer,282,G282R,0.432238711,1.537663988,1.1934,28.57142857,-0.992548,1.92512956,-1.41E-08,0,0.000379139,0,6.508040747,0.450278465,0.078579029,0.002302541,14.0101664
Cancer,284,E284K,0.424102105,1.65553893,0.7294,92.78350515,-0.515524,1.926157418,-1.05E-08,0,4.48E-06,0,3.953091083,0.90923392,0.171188588,0.001398946,12.6028281
Cancer,286,T286I,0.364008322,2.325634011,2.8724,57.74647887,-1.3225,1.927379911,-8.23E-09,0,5.90E-13,0,4.796283638,0.928945651,0.191780613,0.001697153,13.18236981
Cancer,287,S287L,0.406692946,2.128414206,2.8781,71.53846154,-0.41089,1.924119928,-7.42E-09,0,5.92E-14,0,3.279326345,1.359528411,0.204890063,0.00116066,12.15816273
Cancer,291,E291K,0.435001445,1.001886994,0.8346,87.62886598,-0.0954573,-1.681986515,-7.14E-08,0,-9.41E-18,0,1.126796208,2.79007939,0.312673856,0.000399387,8.631047048
Cancer,291,E291Q,0.435001445,1.001886994,0.8346,87.62886598,0.315241,-1.681986515,-7.14E-08,0,-9.41E-18,0,1.126796208,2.79007939,0.312673856,0.000399387,8.631047048
Cancer,293,G293R,0.383460525,0.726132955,-0.135,100,-0.150492,-1.924527426,-8.97E-08,0,-1.54E-17,0,1.462527894,2.71528103,0.311766277,0.000518123,9.307467739
Cancer,295,L295V,0.32121261,1.426192927,1.2329,100,0.322939,3.798729225,-7.59E-08,0,-1.22E-17,0,2.106251834,2.062297241,0.307768812,0.000745786,10.36041996
Cancer,296,C296G,0.371327348,2.086046051,1.7013,60,-0.0135902,-1.927379911,-8.69E-08,-0.002444988,-8.20E-18,0,2.971449032,1.46988589,0.197191261,0.001051775,11.91467603
Cancer,299,E299V,0.411248515,1.882421766,2.5294,56.18556701,0.118148,0.240182822,-1.04E-07,0.002444988,9.60E-09,0,5.382013449,0.827407845,0.147270214,0.001904305,13.28404409
Cancer,303,I303N,0.392785409,2.324670237,2.878,25.44378698,0.454428,-12.69839614,-1.58E-07,-0.012224939,0.000101806,0.014669927,7.785716546,0.47745834,0.084469296,0.002754409,14.35066582
Cancer,304,C304F,0.388931897,2.504132356,2.8773,18.51851852,2.15279,16.68440686,-4.51E-08,-0.007334963,0.000328435,0.002200489,6.941003699,0.354031497,0.071161604,0.002455664,13.71669502
Cancer,304,C304G,0.388931897,2.504132356,2.8773,18.51851852,1.49421,16.68440686,-4.51E-08,-0.007334963,0.000328435,0.002200489,6.941003699,0.354031497,0.071161604,0.002455664,13.71669502
Cancer,307,E307K,0.445134613,2.264594066,2.8781,30.41237113,-0.782667,-0.254351741,-3.38E-08,0.002444988,0.000688119,0,3.579559113,0.436140818,0.118196773,0.001266842,12.76542591
Cancer,310,D310N,0.33187944,1.599612828,1.472,100,0.220929,0.037940896,-1.46E-08,0,2.66E-06,0,1.283157247,0.564106766,0.220683732,0.000454686,9.676498117
Cancer,315,Y315H,0.397901336,1.415912544,1.4977,10.81081081,2.30515,1.351975609,-2.08E-08,0,0.001838257,0,4.199521963,0.256933587,0.077718423,0.0014861,14.22543322
Cancer,317,V317G,0.343155805,1.533347844,0.8674,0.704225352,4.37701,-0.408903399,-6.64E-08,0,0.005333663,0.016788916,6.805547144,0.254527325,0.066913147,0.002407758,14.46067612
Cancer,318,L318F,0.132598973,0.532423567,-0.1027,4.268292683,2.92817,16.98371229,-7.34E-08,-0.002444988,0.00422663,-0.005378973,10.23901948,0.248338999,0.059550453,0.003622054,15.60251463
Cancer,320,L320V,0.176485384,0.592025632,-0.4278,0.609756098,3.79956,-7.256132954,-1.25E-07,-0.002444988,0.002170117,-0.011002445,10.21650141,0.540308709,0.070741815,0.00361409,15.59858099
Cancer,321,T321I,0.405301008,1.346173426,0.4772,35.91549296,0.66606,-9.006632517,-1.86E-07,-0.004889976,0.00043594,0,6.439430429,0.919385281,0.073165238,0.002278276,14.47614146
Cancer,323,N323M,0.339449477,1.140084624,0.1676,62.42038217,-0.875057,0.572557409,-8.52E-08,0.002444988,2.17E-06,0,5.477909648,1.071849481,0.072990234,0.00193822,14.1620222
Cancer,323,N323K,0.339449477,1.140084624,0.1676,62.42038217,-0.856371,0.572557409,-8.52E-08,0.002444988,2.17E-06,0,5.477909648,1.071849481,0.072990234,0.00193822,14.1620222
Cancer,325,L325V,0.028899913,0.099623389,-0.7205,0,3.8556,-39.74955304,-1.85E-07,0.012224939,5.11E-05,0.001222494,8.246631673,0.720481897,0.059268414,0.002917418,15.35455041
Cancer,325,L325F,0.028899913,0.099623389,-0.7205,0,7.22314,-39.74955304,-1.85E-07,0.012224939,5.11E-05,0.001222494,8.246631673,0.720481897,0.059268414,0.002917418,15.35455041
Cancer,325,L325H,0.028899913,0.099623389,-0.7205,0,2.50042,-39.74955304,-1.85E-07,0.012224939,5.11E-05,0.001222494,8.246631673,0.720481897,0.059268414,0.002917418,15.35455041
Cancer,326,D326H,-8.86E-16,0,-1.0065,1.840490798,3.34244,73.17471587,8.91E-10,0.02200489,3.70E-06,0.030399348,7.831053003,0.74720092,0.059472379,0.002770443,15.23020927
Cancer,326,D326Y,-8.86E-16,0,-1.0065,1.840490798,2.5097,73.17471587,8.91E-10,0.02200489,3.70E-06,0.030399348,7.831053003,0.74720092,0.059472379,0.002770443,15.23020927
Cancer,328,A328V,0.090694556,0.196635838,-0.857,0,3.23028,-4.380990485,-1.78E-07,0.002444988,-4.87E-05,0.008557457,4.442402231,1.396540201,0.059128967,0.001571998,15.10632474
Cancer,330,K330I,0.040431795,0.11376925,-0.9146,33.17073171,0.598005,-4.189160726,-7.77E-08,0.002444988,4.18E-08,0,3.434574339,1.700524104,0.073424397,0.001215566,13.8824123
Cancer,330,K330N,0.040431795,0.11376925,-0.9146,33.17073171,-0.204364,-4.189160726,-7.77E-08,0.002444988,4.18E-08,0,3.434574339,1.700524104,0.073424397,0.001215566,13.8824123
Cancer,331,D331H,0.042415341,0.11376925,-0.8524,9.81595092,4.67496,0.323462033,-6.73E-09,0.007334963,-2.25E-10,0,2.706920504,2.208252255,0.090755965,0.000958221,12.9947375
Cancer,331,D331G,0.042415341,0.11376925,-0.8524,9.81595092,5.26023,0.323462033,-6.73E-09,0.007334963,-2.25E-10,0,2.706920504,2.208252255,0.090755965,0.000958221,12.9947375
Cancer,333,A333T,0.3889189,1.093491782,-0.0985,64.1509434,0.538957,0.196072594,6.30E-08,0,-5.25E-12,0,1.778109752,3.247614684,0.142978936,0.000629733,10.97122694
Cancer,334,N334D,0.230232605,0.68050172,-0.4441,38.85350318,1.55025,0.101268344,1.83E-08,0.004889976,-3.08E-11,0,2.104909464,2.900334895,0.088378054,0.000745311,12.23855926
Cancer,335,R335P,0.197215374,0.669147816,-0.492,75.40322581,4.39326,-4.285496561,-7.29E-08,0.002444988,7.22E-09,0,1.860711109,3.290906305,0.11410613,0.000658947,11.84541651
Cancer,335,R335G,0.197215374,0.669147816,-0.492,75.40322581,1.29397,-4.285496561,-7.29E-08,0.002444988,7.22E-09,0,1.860711109,3.290906305,0.11410613,0.000658947,11.84541651
Cancer,336,Y336C,0.342951812,1.453576291,1.4398,51.35135135,1.98466,-3.18596868,-1.24E-07,0.009779951,3.62E-08,0.00203749,2.357246413,2.68180902,0.07938068,0.000834553,13.35618523
Cancer,337,F337L,0.177319619,0.555988901,-0.5165,2.030456853,1.31658,3.497264645,-1.39E-07,-0.014669927,3.34E-07,0.013447433,2.864346993,2.218131786,0.069206299,0.001013897,13.69756258
Cancer,337,F337I,0.177319619,0.555988901,-0.5165,2.030456853,5.23477,3.497264645,-1.39E-07,-0.014669927,3.34E-07,0.013447433,2.864346993,2.218131786,0.069206299,0.001013897,13.69756258
Cancer,338,S338C,0.136741506,0.44129084,-0.5454,25.38461538,0.04398,2.898680395,-8.15E-08,0.012224939,5.19E-08,0.000407498,2.594050077,2.41936269,0.081028376,0.000918302,12.91508853
Cancer,338,S338Y,0.136741506,0.44129084,-0.5454,25.38461538,-0.668451,2.898680395,-8.15E-08,0.012224939,5.19E-08,0.000407498,2.594050077,2.41936269,0.081028376,0.000918302,12.91508853
Cancer,339,P339L,0.297536045,0.884303134,0.2527,58.82352941,1.42922,-0.461320634,-1.68E-07,-0.012224939,1.01E-06,0.350448248,2.715648447,2.243757586,0.083644554,0.000961307,12.00816342
Cancer,341,F341V,0.02133771,0.056937224,-0.9821,0.507614213,3.37726,5.351685739,-1.74E-07,0.002444988,7.20E-06,0.120211899,4.011606698,1.565131576,0.073915997,0.001419641,13.98853037
Cancer,341,F341L,0.02133771,0.056937224,-0.9821,0.507614213,1.91017,5.351685739,-1.74E-07,0.002444988,7.20E-06,0.120211899,4.011606698,1.565131576,0.073915997,0.001419641,13.98853037
Cancer,341,F341Y,0.02133771,0.056937224,-0.9821,0.507614213,0.414776,5.351685739,-1.74E-07,0.002444988,7.20E-06,0.120211899,4.011606698,1.565131576,0.073915997,0.001419641,13.98853037
Cancer,345,L345Q,0.172760538,0.542252192,-0.0846,0,4.36997,1.396279153,-6.66E-08,0,0.00847464,0,10.88842621,0.307629984,0.068276075,0.003851726,15.70625013
Cancer,345,L345M,0.172760538,0.542252192,-0.0846,0,0.469253,1.396279153,-6.66E-08,0,0.00847464,0,10.88842621,0.307629984,0.068276075,0.003851726,15.70625013
Cancer,348,T348R,0.405178822,1.206928169,-0.0065,19.01408451,0.496071,6.984366513,-6.06E-08,0.002444988,0.00642025,0,6.961596529,0.284936897,0.073406624,0.002462947,13.99696727
Cancer,348,T348I,0.405178822,1.206928169,-0.0065,19.01408451,-0.0199837,6.984366513,-6.06E-08,0.002444988,0.00642025,0,6.961596529,0.284936897,0.073406624,0.002462947,13.99696727
Cancer,354,P354L,0.420053163,1.771342138,2.8164,83.82352941,0.262879,0,-3.52E-08,0,-1.31E-11,0,2.511852834,1.660183304,0.300438891,0.000889232,8.809341273
Cancer,357,P357S,0.372032299,1.478442689,0.3692,83.82352941,0.50592,0,-2.59E-08,0.002444988,-1.31E-14,0,1.565144506,2.421225979,0.351980325,0.000554415,7.455941606
Cancer,357,P357Q,0.372032299,1.478442689,0.3692,83.82352941,0.446287,0,-2.59E-08,0.002444988,-1.31E-14,0,1.565144506,2.421225979,0.351980325,0.000554415,7.455941606
Cancer,357,P357L,0.372032299,1.478442689,0.3692,83.82352941,0.378694,0,-2.59E-08,0.002444988,-1.31E-14,0,1.565144506,2.421225979,0.351980325,0.000554415,7.455941606
Cancer,365,V365I,0.368826061,0.9363131,0.586,92.25352113,-0.0448262,0,-3.31E-09,0,6.42E-18,0,0.250313024,2.38004661,0.636495066,8.94E-05,6.189450653
Cancer,369,V369G,0.345801215,0.625187486,0.1513,93.66197183,-0.128525,0,-2.58E-09,0,-1.63E-17,0,1.248035277,2.094944853,0.672084891,0.000442265,7.907030185
Cancer,382,T382S,0.265242383,0.075751085,-0.7716,73.23943662,-0.390186,0,-1.37E-09,0,-1.34E-17,0,2.473212093,2.226595084,0.379938416,0.000875566,9.405405571
Cancer,384,D384G,0.297433201,0.153078103,-0.6486,56.44171779,0.502241,0,-1.25E-09,0,-1.55E-17,0,3.776529278,1.562619583,0.264110347,0.001336503,12.72649217
Cancer,384,D384N,0.297433201,0.153078103,-0.6486,56.44171779,0.480706,0,-1.25E-09,0,-1.55E-17,0,3.776529278,1.562619583,0.264110347,0.001336503,12.72649217
Cancer,388,E388Q,0.257109035,0,-0.9725,51.54639175,-0.10945,0,-1.04E-09,0,-1.33E-17,0,2.020183081,2.838498359,0.229101851,0.000715346,10.83191516
Cancer,388,E388K,0.257109035,0,-0.9725,51.54639175,-0.52421,0,-1.04E-09,0,-1.33E-17,0,2.020183081,2.838498359,0.229101851,0.000715346,10.83191516
Cancer,394,E394K,0.28969905,0.415002232,0.0173,88.1443299,-0.323773,0,-8.17E-10,0,-1.49E-17,0,0.153040842,3.791323047,0.624923024,5.50E-05,6.113191295
Cancer,398,T398S,0.289864273,0.775316444,0.2144,83.09859155,-0.113586,0,-7.01E-10,-0.002444988,5.87E-18,0,0.046083828,117.3201089,0.898659597,1.72E-05,4.583888956
Cancer,24,D24G,0.045043518,0,-1.0301,5.521472393,3.2307,1.910840894,-1.39E-07,0.019559902,-1.36E-05,-0.364303178,9.147760789,0.632492274,0.058945687,0.003236115,15.79950073
Cancer,92,D92A,-8.91E-16,0,-1.0305,23.92638037,-0.527123,2.071501451,-7.21E-08,0.007334963,-7.17E-06,0,10.77913091,0.467341845,0.079237493,0.003813072,14.77396816
Cancer,345,L345V,0.172760538,0.542252192,-0.0846,0,4.50052,1.396279153,-6.66E-08,0,0.00847464,0,10.88842621,0.307629984,0.068276075,0.003851726,15.70625013
ASD_Cancer,13,K13E,0.20396683,0.484607825,-0.912,8.780487805,2.21072,5.378742261,9.63E-08,0,-1.81E-09,0,5.826561713,1.054031902,0.058064015,0.002061526,14.76907993
ASD_Cancer,14,R14G,0.249250916,0.710535479,-0.516,45.56451613,2.72442,5.470251695,1.15E-07,0,-1.81E-10,0,5.571141049,1.066693117,0.069353339,0.001971193,14.34714364
ASD_Cancer,15,R15I,0.048310099,0,-1.0301,13.70967742,0.544545,6.776140813,1.41E-07,0.056603774,-1.82E-11,0,6.358602718,0.942327079,0.07133454,0.00224969,14.97505558
ASD_Cancer,26,T26P,0.155694372,0.441220474,-0.656,10.56338028,9.52075,19.60718752,-1.94E-07,0.018867925,-6.50E-05,0,9.580172519,0.515021219,0.065637666,0.003389043,15.81969536
ASD_Cancer,27,Y27C,0.08928686,0.181127202,-0.9321,27.47747748,3.35094,-0.561910442,-1.90E-07,0,-1.39E-05,0,8.269571376,0.518353742,0.076517192,0.002925531,14.95944765
ASD_Cancer,34,A34V,0.060790492,0.119800856,-0.989,0,0.866194,-72.03243229,-2.66E-07,-0.018867925,0.000674973,0.062893082,17.19935577,0.207097284,0.053650016,0.006083675,16.50187445
ASD_Cancer,35,M35V,0.046642975,0.058914433,-1.0022,0,4.84586,24.85438071,-1.94E-09,0,-0.001151918,0.132075472,16.44879216,0.244744814,0.053754881,0.005818228,16.37430124
ASD_Cancer,36,G36R,0.046642975,0.058914433,-0.9205,2.380952381,2.91484,-55.75138297,-5.03E-08,-0.056603774,-0.003740313,0.006289308,13.00012386,0.37877532,0.058970703,0.004598558,16.06612505
ASD_Cancer,61,H61R,0.023483734,0,-1.0165,17.39130435,0.146047,-13.8443814,-2.47E-07,-0.018867925,-1.61E-09,-0.056603774,5.799748374,0.401487449,0.094473225,0.002052043,13.52340942
ASD_Cancer,61,H61Y,0.023483734,0,-1.0165,17.39130435,1.02939,-13.8443814,-2.47E-07,-0.018867925,-1.61E-09,-0.056603774,5.799748374,0.401487449,0.094473225,0.002052043,13.52340942
ASD_Cancer,68,Y68N,0.045304269,0.058914433,-0.8689,0,4.59843,3.568475731,-9.29E-10,0,0.006804436,0,19.73398432,0.116829727,0.060998966,0.006980083,16.30211979
ASD_Cancer,68,Y68C,0.045304269,0.058914433,-0.8689,0,4.38865,3.568475731,-9.29E-10,0,0.006804436,0,19.73398432,0.116829727,0.060998966,0.006980083,16.30211979
ASD_Cancer,79,A79T,0.318712818,1.589153963,0.9812,51.88679245,0.132469,-0.481863963,-3.22E-08,-0.018867925,-2.30E-09,0,4.065337849,0.780322162,0.153168225,0.001438644,11.66769912
ASD_Cancer,88,Y88C,0.064001158,0.329544105,-0.2209,14.41441441,3.41847,11.81319989,2.12E-07,0,-6.02E-06,0,16.90263797,0.210632165,0.072092217,0.005978737,14.79975922
ASD_Cancer,89,P89S,0.075855101,0.257318641,-0.7917,44.11764706,1.47592,5.171095108,2.14E-07,0.018867925,-3.37E-06,0,13.66252459,0.266301549,0.074052861,0.004832825,14.38255302
ASD_Cancer,92,D92N,-8.91E-16,0,-1.0305,23.92638037,0.907506,-0.00771189,1.96E-07,0,-8.39E-06,0,10.77913091,0.467341845,0.079237493,0.003813072,14.77396816
ASD_Cancer,93,H93R,-8.91E-16,0,-1.0166,32.60869565,-1.42986,0.176653699,2.17E-07,0,-8.41E-07,0,11.58760099,0.4636614,0.073153975,0.004098999,15.5155946
ASD_Cancer,101,I101S,0.079670832,0.269477201,-0.7037,0,3.36298,-4.794815889,-1.97E-08,-0.037735849,-0.00215763,0,23.53116649,0.139966572,0.063917629,0.00832301,15.89437333
ASD_Cancer,111,W111R,0.038220247,0.156349121,-0.5461,10.57268722,3.47483,-13.0909287,-3.05E-08,-0.037735849,-3.52E-06,0.194968553,7.176925545,0.723943599,0.087185282,0.002539101,13.79253156
ASD_Cancer,125,K125E,-8.90E-16,0,-1.0105,12.68292683,0.853766,0,-1.68E-08,0,-0.000803818,-0.396226415,10.45291589,0.467526361,0.06545357,0.003697701,15.57048526
ASD_Cancer,129,G129R,-8.90E-16,0,-1.026,16.66666667,1.66107,21.77990116,-6.73E-08,-0.113207547,-0.003239823,0,17.7819361,0.297992196,0.053472727,0.006289713,16.56059629
ASD_Cancer,130,R130Q,0.011085409,0.13791924,-1.0143,0.806451613,1.82687,-116.0250031,-9.21E-08,-0.056603774,-0.006729199,0.081761006,30.13823571,0.114828083,0.047826719,0.010659694,16.64545769
ASD_Cancer,130,R130L,0.011085409,0.13791924,-1.0143,0.806451613,-0.796915,-116.0250031,-9.21E-08,-0.056603774,-0.006729199,0.081761006,30.13823571,0.114828083,0.047826719,0.010659694,16.64545769
ASD_Cancer,130,R130P,0.011085409,0.13791924,-1.0143,0.806451613,-0.753252,-116.0250031,-9.21E-08,-0.056603774,-0.006729199,0.081761006,30.13823571,0.114828083,0.047826719,0.010659694,16.64545769
ASD_Cancer,131,T131N,-8.90E-16,0,-1.0199,0,1.61813,23.98093669,-2.54E-08,-0.056603774,-0.025030169,0.036477987,30.43148945,0.089456988,0.052611715,0.010763407,16.78697914
ASD_Cancer,131,T131I,-8.90E-16,0,-1.0199,0,2.7782,23.98093669,-2.54E-08,-0.056603774,-0.025030169,0.036477987,30.43148945,0.089456988,0.052611715,0.010763407,16.78697914
ASD_Cancer,132,G132A,0.005572525,0.056937224,-1.0005,0,4.35971,-5.306342394,-3.05E-08,-0.094339623,-0.147416543,0.044025157,24.16902388,0.185760472,0.049297853,0.008548597,16.70077249
ASD_Cancer,132,G132D,0.005572525,0.056937224,-1.0005,0,11.1511,-5.306342394,-3.05E-08,-0.094339623,-0.147416543,0.044025157,24.16902388,0.185760472,0.049297853,0.008548597,16.70077249
ASD_Cancer,134,M134I,-8.90E-16,0,-0.9248,0,4.03038,3.907445509,-2.21E-08,-0.037735849,-0.100115764,-0.077987421,37.16227102,0.046594855,0.050432578,0.013143843,16.78948647
ASD_Cancer,134,M134L,-8.90E-16,0,-0.9248,0,2.05082,3.907445509,-2.21E-08,-0.037735849,-0.100115764,-0.077987421,37.16227102,0.046594855,0.050432578,0.013143843,16.78948647
ASD_Cancer,135,I135R,0.129737968,0.391399127,-0.8551,0,12.252,-22.5234011,-2.62E-07,-0.075471698,-0.114141978,-0.081761006,23.46515434,0.162503163,0.051438593,0.008299664,16.71056061
ASD_Cancer,135,I135K,0.129737968,0.391399127,-0.8551,0,4.71926,-22.5234011,-2.62E-07,-0.075471698,-0.114141978,-0.081761006,23.46515434,0.162503163,0.051438593,0.008299664,16.71056061
ASD_Cancer,136,C136R,0.019395792,0.11376925,-0.8154,0,12.4559,11.35116684,1.21E-08,-0.018867925,-0.208564055,0.075471698,16.95444875,0.281184504,0.047489726,0.005997061,16.66921595
ASD_Cancer,139,L139F,0.053220052,0.230323541,-0.7419,1.219512195,2.63408,-1.816551226,-2.06E-07,0.018867925,-0.019239734,0.034591195,9.072587456,0.546320618,0.060133007,0.003209529,15.66675222
ASD_Cancer,150,E150Q,0.134577004,0.613272011,0.0292,44.32989691,0.0599764,0.005345912,1.53E-08,0,-0.000248584,0.018867925,4.934076614,1.071797672,0.086054827,0.001745886,13.70755716
ASD_Cancer,155,Y155N,0.025784331,0.13791924,-0.8815,0,3.8259,22.35007632,2.38E-08,-0.018867925,-0.071468204,0.035220126,8.595590284,0.637185194,0.055472621,0.003040832,15.58234446
ASD_Cancer,155,Y155C,0.025784331,0.13791924,-0.8815,0,4.05427,22.35007632,2.38E-08,-0.018867925,-0.071468204,0.035220126,8.595590284,0.637185194,0.055472621,0.003040832,15.58234446
ASD_Cancer,165,G165V,-8.90E-16,0,-1.0005,2.380952381,8.96447,12.69820322,9.86E-09,0.018867925,-0.000392155,0,8.476281729,0.688769022,0.053639067,0.002998637,16.02515205
ASD_Cancer,167,T167N,-8.90E-16,0,-1.0057,40.84507042,-0.00925424,9.226244516,-2.32E-07,-0.018867925,-0.002622504,0,7.968970016,0.716114129,0.065861312,0.002819219,15.3538788
ASD_Cancer,170,S170I,-8.90E-16,0,-1.0326,0,4.32951,13.74311053,2.80E-08,0.113207547,-0.0006795,0.081761006,21.08479477,0.21707386,0.054710132,0.007457816,16.28328885
ASD_Cancer,173,R173H,-8.90E-16,0,-1.0142,8.870967742,3.44617,69.96422509,8.24E-07,0.075471698,-0.001357036,0.028301887,23.47555542,0.165257499,0.059434379,0.008303342,16.48755609
ASD_Cancer,173,R173C,-8.90E-16,0,-1.0142,8.870967742,3.11484,69.96422509,8.24E-07,0.075471698,-0.001357036,0.028301887,23.47555542,0.165257499,0.059434379,0.008303342,16.48755609
ASD_Cancer,177,Y177H,-8.89E-16,0,-1.0252,5.855855856,3.0202,6.193615957,-6.01E-09,-0.018867925,-0.006406833,0.012578616,18.74151066,0.166482423,0.064718343,0.00662908,16.47641114
ASD_Cancer,241,F241S,0.36269,0.984332629,-0.2228,1.52284264,6.01213,-11.37951071,-1.66E-09,-0.037735849,0.000503714,-0.000628931,5.16685619,1.004911832,0.070290984,0.001828212,14.03898897
ASD_Cancer,246,P246L,0.346791677,1.225339943,0.4135,41.91176471,2.74463,3.803423733,3.90E-09,0.037735849,0.000851546,-0.043396226,4.889581862,0.655455875,0.091093482,0.00173015,13.04130795
ASD_Cancer,247,L247S,0.336119074,1.029282941,0.1197,10.97560976,4.16606,1.833132127,1.59E-07,0,0.00472633,-0.006289308,5.446460845,0.674800491,0.08502799,0.001927098,13.7096954
ASD_Cancer,252,D252G,-8.87E-16,0,-1.0138,4.90797546,5.08606,138.3774022,3.28E-07,0.056603774,0.0005408,0.003144654,18.95555503,0.157202704,0.061399358,0.00670478,15.20491114
ASD_Cancer,255,V255A,0.10798583,0.385377099,-0.4167,0,3.66381,4.98742526,2.90E-09,0,5.61E-05,0.025157233,9.632631695,0.546122375,0.07734434,0.003407596,15.9673828
ASD_Cancer,277,T277I,-8.87E-16,0,-0.9485,0,0.412989,-62.82385294,1.62E-08,0.056603774,0.002478121,0.003144654,18.16478569,0.129941407,0.069454038,0.006425113,16.0777502
ASD_Cancer,298,Q298E,0.405934913,2.372148829,2.8746,76.26262626,0.0652292,0.093443023,8.09E-09,0,-2.29E-17,0,3.709587604,1.144762581,0.176991371,0.001312828,11.77921721
ASD_Cancer,305,S305N,0.39861061,2.139100772,2.8771,39.23076923,0.309371,2.859056002,1.76E-08,0,0.002053764,0,5.103025324,0.454905867,0.087107584,0.001805637,13.07271604
ASD_Cancer,316,L316P,0.239378861,0.752904373,0.566,7.317073171,3.03461,-29.71773191,3.52E-09,-0.056603774,0.004743099,0.003144654,5.46694316,0.217731466,0.071417629,0.001934342,14.57926122
ASD_Cancer,354,P354Q,0.420053163,1.771342138,2.8164,83.82352941,0.271451,0,6.59E-09,0,-1.53E-11,0,2.511852834,1.660183304,0.300438891,0.000889232,8.809341273
Control,29,Y29F,0.370621408,1.067688087,-0.5119,27.92792793,-0.513974,0,2.82E-08,0,-0.000149543,0,6.647398089,0.686228745,0.098167675,0.002351826,14.71930668
Control,29,Y29N,0.370621408,1.067688087,-0.5119,27.92792793,0.257568,0,2.82E-08,0,-0.000149543,0,6.647398089,0.686228745,0.098167675,0.002351826,14.71930668
Control,40,E40D,0.200052173,0.691437503,-0.3115,33.50515464,-0.0553597,0.057425777,2.43E-07,0,-2.55E-08,0,3.925716785,0.963543123,0.09416905,0.001389265,12.52097532
Control,45,V45I,0.060794059,0.10296666,-0.5209,43.66197183,-0.467191,0.24380491,2.17E-07,0,-5.53E-06,-0.055555556,3.378345965,1.487292604,0.104838318,0.00119568,11.74133478
Control,56,F56C,0.091730956,0.239217094,-0.7513,0,4.44856,-0.002622266,2.21E-07,0,-7.85E-08,-0.111111111,5.264066897,0.297375456,0.090964784,0.001862592,14.38671766
Control,77,D77G,0.056557128,0.156349121,-0.7932,52.7607362,0.869807,-0.004730274,4.55E-07,0,-4.37E-09,0,4.093798061,0.829440688,0.127169477,0.001448709,12.34347465
Control,79,A79V,0.318712818,1.589153963,0.9812,51.88679245,0.715834,0,4.71E-07,0,-1.18E-08,0,4.065337849,0.780322162,0.153168225,0.001438644,11.66769912
Control,97,Q97H,0.401407693,1.176962329,0.0466,51.51515152,0.310324,1020.748994,2.36E-06,0.111111111,-2.87E-05,0,25.76320542,0.11885784,0.066715824,0.009112402,15.64762912
Control,128,K128G,-8.90E-16,0,-1.0102,27.80487805,0.97363,0.366197315,1.05E-07,0.055555556,-8.13E-05,0,14.2863725,0.39379909,0.055890814,0.005053458,16.4127645
Control,131,T131S,-8.90E-16,0,-1.0199,0,0.883267,-405.0447313,4.54E-08,0,-0.008852558,0.016666667,30.43148945,0.089456988,0.052611715,0.010763407,16.78697914
Control,139,L139I,0.053220052,0.230323541,-0.7419,1.219512195,1.9266,-0.152120793,1.61E-08,0,-0.007353392,0.018518519,9.072587456,0.546320618,0.060133007,0.003209529,15.66675222
Control,198,M198I,0.342482964,1.007294913,-0.511,0,1.6697,-15.53688577,1.19E-07,0,0.00071278,0,8.231687439,0.587788756,0.069839101,0.002912133,15.60825296
Control,229,S229L,0.368062074,1.621557182,1.3386,36.15384615,0.457623,20.60819683,9.17E-07,0.111111111,2.76E-06,0,2.424439571,2.378362077,0.099408868,0.000858317,12.87514393
Control,248,P248R,0.225670827,0.726090329,0.2935,66.17647059,1.24557,3.287482175,6.05E-07,0.055555556,0.001154308,0,6.262660127,0.645742963,0.084637597,0.002215758,13.57274722
Control,265,L265R,0.303437232,0.793277868,0.2543,100,0.0277073,-0.228505644,8.47E-08,0,-7.33E-09,0,1.300651354,3.991472008,0.186396289,0.000460874,9.325017188
Control,302,S302G,0.269905277,1.968505472,2.8765,70.76923077,0.114167,-0.613406682,1.00E-07,0,9.51E-06,0.037037037,4.987614216,0.781287175,0.121152463,0.00176482,12.03075474
Control,319,T319I,0.274372297,1.479320062,0.7751,16.90140845,-1.7261,-28.34511258,6.90E-09,0,0.00121999,-0.009259259,9.658186859,0.470244126,0.077194509,0.003416634,14.64334019
Control,324,D324Y,0.258002685,0.981404028,-0.3471,25.15337423,1.19168,5.629909201,3.04E-07,0.055555556,-4.04E-07,0,9.035360345,0.635039131,0.062325233,0.003196363,15.52933841
